-- ═══════════════════════════════════════════════════════════
-- Portal Sertifikasi — Database Seed
-- Generated from Laravel CurrentDataSeeder
-- ═══════════════════════════════════════════════════════════

SET NAMES utf8mb4;
SET FOREIGN_KEY_CHECKS = 0;

-- === users ===
INSERT INTO `users` (`id`, `full_name`, `username`, `email`, `password`, `role`, `created_at`, `updated_at`) VALUES ('019c8d89-5807-71a8-9c97-032f6010f328', 'Super Admin', 'superadmin', 'superadmin@sultangroup.com', '$2y$12$dnHwQa/Vsimp.pTOXUX7X./Wntj6Vc6R2RaNBQMOx5wycaL7L0YWe', 'Super admin', '2026-02-24 02:45:14', '2026-02-24 02:45:14');
INSERT INTO `users` (`id`, `full_name`, `username`, `email`, `password`, `role`, `created_at`, `updated_at`) VALUES ('019c8d89-58dc-71b8-8ae8-20abec952947', 'Admin', 'admin', 'admin@sultangroup.com', '$2y$12$LxFg35n.sYCd2anRlgkMIOnALFLI4L7.kuKEZNerhtY8mlx64mBZO', 'admin', '2026-02-24 02:45:14', '2026-02-24 02:45:14');
INSERT INTO `users` (`id`, `full_name`, `username`, `email`, `password`, `role`, `created_at`, `updated_at`) VALUES ('019c8d89-59a9-73ba-a23c-2c4c180253a2', 'Manager', 'manager', 'manager@sultangroup.com', '$2y$12$2S2Vnm5FJ3SF1HDURB3syuIc73SIF0EGln8Q0HSR6kKDMmQB75lBG', 'manager', '2026-02-24 02:45:14', '2026-02-24 02:45:14');
INSERT INTO `users` (`id`, `full_name`, `username`, `email`, `password`, `role`, `created_at`, `updated_at`) VALUES ('019c8d89-5a77-736d-8e7d-d1dad7a8b8f8', 'Karyawan', 'karyawan', 'karyawan@sultangroup.com', '$2y$12$BDUdV2lAXCmnzx3cJSWvseRdDMIySrMs9q/AtgSW7JE1RkUK0gel2', 'karyawan', '2026-02-24 02:45:14', '2026-02-24 02:45:14');
INSERT INTO `users` (`id`, `full_name`, `username`, `email`, `password`, `role`, `created_at`, `updated_at`) VALUES ('019c8d89-5b45-73e6-ada5-35e95caa9ab7', 'Marketing', 'marketing', 'marketing@sultangroup.com', '$2y$12$2kahDQXJVMqv9aQNxyPOG.7qcZ7Ae3XNO6HrAf39ONQFj0AqdhiRa', 'marketing', '2026-02-24 02:45:15', '2026-02-24 02:45:15');
INSERT INTO `users` (`id`, `full_name`, `username`, `email`, `password`, `role`, `created_at`, `updated_at`) VALUES ('019c8d89-5c13-7071-93e6-4a0d09e45142', 'Mitra', 'mitra', 'mitra@sultangroup.com', '$2y$12$ANxdfGxfmKYqoqDDNaVg5.ju4UC2aLLhEEY9V80C9Qy7Pm3VmOUka', 'mitra', '2026-02-24 02:45:15', '2026-02-24 02:45:15');

-- === sbu_types ===
INSERT INTO `sbu_types` (`id`, `slug`, `name`, `created_at`, `updated_at`, `menu_config`) VALUES ('019c8d89-5c48-73a8-9f4c-1074a5add7f1', 'konstruksi', 'SBU Konstruksi', '2026-02-24 02:45:15', '2026-02-24 02:45:15', '{"asosiasi":true,"klasifikasi":true,"kualifikasi":true,"kualifikasiLabel":"Kualifikasi","biayaSetor":true,"biayaLainnya":true}');
INSERT INTO `sbu_types` (`id`, `slug`, `name`, `created_at`, `updated_at`, `menu_config`) VALUES ('019c8d89-5c4a-709f-bcf6-09a004f15bf9', 'konsultan', 'SBU Konsultan', '2026-02-24 02:45:15', '2026-02-24 02:45:15', '{"asosiasi":false,"klasifikasi":true,"kualifikasi":true,"kualifikasiLabel":"Kualifikasi","biayaSetor":true,"biayaLainnya":true}');
INSERT INTO `sbu_types` (`id`, `slug`, `name`, `created_at`, `updated_at`, `menu_config`) VALUES ('019c8d89-5c4d-7392-afaf-cca4a106bfc4', 'skk', 'SKK Konstruksi', '2026-02-24 02:45:15', '2026-02-24 02:45:15', '{"asosiasi":true,"klasifikasi":true,"kualifikasi":true,"kualifikasiLabel":"Jenjang","biayaSetor":true,"biayaLainnya":true}');
INSERT INTO `sbu_types` (`id`, `slug`, `name`, `created_at`, `updated_at`, `menu_config`) VALUES ('019c8d89-5c50-7106-9f03-8c70489e5ebc', 'smap', 'Dokumen SMAP', '2026-02-24 02:45:15', '2026-02-24 02:45:15', '{"asosiasi":false,"klasifikasi":false,"kualifikasi":false,"kualifikasiLabel":"Kualifikasi","biayaSetor":true,"biayaLainnya":false}');
INSERT INTO `sbu_types` (`id`, `slug`, `name`, `created_at`, `updated_at`, `menu_config`) VALUES ('019c8d89-5c52-7120-9479-fda465211ab4', 'simpk', 'Akun SIMPK dan Alat', '2026-02-24 02:45:15', '2026-02-24 02:45:15', '{"asosiasi":false,"klasifikasi":false,"kualifikasi":false,"kualifikasiLabel":"Kualifikasi","biayaSetor":true,"biayaLainnya":false}');
INSERT INTO `sbu_types` (`id`, `slug`, `name`, `created_at`, `updated_at`, `menu_config`) VALUES ('019c8d89-5c54-726f-a394-43c852e25db9', 'notaris', 'Notaris', '2026-02-24 02:45:15', '2026-02-24 02:54:03', '{"asosiasi":false,"klasifikasi":false,"kualifikasi":true,"kualifikasiLabel":"Akta","biayaSetor":true,"biayaSetorLabel":"Stor Ke Randy","biayaLainnya":false,"kodeField":{"enabled":true,"label":"Paket"}}');
INSERT INTO `sbu_types` (`id`, `slug`, `name`, `created_at`, `updated_at`, `menu_config`) VALUES ('019c8d89-5c57-7262-9419-296c780853a4', 'sewa-skk', 'Sewa SKK Tenaga Ahli', '2026-02-24 02:45:15', '2026-02-24 02:45:15', '{"asosiasi":false,"klasifikasi":false,"kualifikasi":true,"kualifikasiLabel":"Jenjang","biayaSetor":true,"biayaLainnya":false,"biayaSetorLabel":"Stor Ke RIA"}');
INSERT INTO `sbu_types` (`id`, `slug`, `name`, `created_at`, `updated_at`, `menu_config`) VALUES ('019c8d89-5c5a-7213-9100-1de7e406e192', 'smk3', 'SMK3 Perusahaan (Kemenaker)', '2026-02-24 02:45:15', '2026-02-24 02:45:15', '{"asosiasi":false,"klasifikasi":false,"kualifikasi":true,"kualifikasiLabel":"Sertifikat","biayaSetor":true,"biayaLainnya":false,"biayaSetorLabel":"Stor Ke P3SM","kodeField":{"enabled":true,"label":"Keterangan"}}');
INSERT INTO `sbu_types` (`id`, `slug`, `name`, `created_at`, `updated_at`, `menu_config`) VALUES ('019c8d89-5c5d-7310-8911-7988a916e771', 'ak3', 'AK3 Umum Kemenaker', '2026-02-24 02:45:15', '2026-02-24 02:45:15', '{"asosiasi":false,"klasifikasi":false,"kualifikasi":true,"kualifikasiLabel":"Sertifikat","biayaSetor":true,"biayaLainnya":false,"biayaSetorLabel":"Stor Ke P3SM"}');
INSERT INTO `sbu_types` (`id`, `slug`, `name`, `created_at`, `updated_at`, `menu_config`) VALUES ('019c8d89-5c60-70cb-a0f3-1ec25d9ab4d9', 'iso-lokal', 'ISO Lokal', '2026-02-24 02:45:15', '2026-02-24 02:45:15', '{"asosiasi":false,"klasifikasi":false,"kualifikasi":true,"kualifikasiLabel":"Deskripsi ISO","biayaSetor":true,"biayaLainnya":false,"biayaSetorLabel":"Stor Ke SmartSolution","kodeField":{"enabled":true,"label":"Kode"}}');
INSERT INTO `sbu_types` (`id`, `slug`, `name`, `created_at`, `updated_at`, `menu_config`) VALUES ('019c8d89-5c63-71ae-a1cc-b60802b6258e', 'iso-uaf', 'ISO UAF (Americo)', '2026-02-24 02:45:15', '2026-02-24 02:45:15', '{"asosiasi":false,"klasifikasi":false,"kualifikasi":true,"kualifikasiLabel":"Deskripsi ISO","biayaSetor":true,"biayaLainnya":false,"biayaSetorLabel":"Stor Ke Americo","kodeField":{"enabled":true,"label":"Kode"}}');
INSERT INTO `sbu_types` (`id`, `slug`, `name`, `created_at`, `updated_at`, `menu_config`) VALUES ('019c8d89-5c65-70cf-aa38-32dc0b478fef', 'iso-kan', 'ISO KAN (P3SM)', '2026-02-24 02:45:15', '2026-02-24 02:45:15', '{"asosiasi":false,"klasifikasi":false,"kualifikasi":true,"kualifikasiLabel":"Deskripsi ISO","biayaSetor":true,"biayaLainnya":false,"biayaSetorLabel":"Stor Ke P3SM","kodeField":{"enabled":true,"label":"Kode"}}');
INSERT INTO `sbu_types` (`id`, `slug`, `name`, `created_at`, `updated_at`, `menu_config`) VALUES ('019c8d89-5c68-713f-9e53-6d2945e60f85', 'kap-nonbarcode', 'KAP Non Barcode (Alam)', '2026-02-24 02:45:15', '2026-02-24 02:45:15', '{"asosiasi":false,"klasifikasi":false,"kualifikasi":true,"kualifikasiLabel":"Ekuitas KAP","biayaSetor":true,"biayaLainnya":false,"biayaSetorLabel":"Stor Ke Alam"}');
INSERT INTO `sbu_types` (`id`, `slug`, `name`, `created_at`, `updated_at`, `menu_config`) VALUES ('019c8d89-5c6b-7167-893d-2fc5b7229194', 'kap-barcode', 'KAP Barcode Tidak Audit', '2026-02-24 02:45:15', '2026-02-24 02:45:15', '{"asosiasi":false,"klasifikasi":false,"kualifikasi":true,"kualifikasiLabel":"Ekuitas KAP","biayaSetor":true,"biayaLainnya":false,"biayaSetorLabel":"Stor"}');
INSERT INTO `sbu_types` (`id`, `slug`, `name`, `created_at`, `updated_at`, `menu_config`) VALUES ('019c8d89-5c6e-706e-a653-20e365c8ca7c', 'kap-barcode-p3sm', 'KAP Barcode P3SM (Sistem Audit)', '2026-02-24 02:45:15', '2026-02-24 02:45:15', '{"asosiasi":false,"klasifikasi":false,"kualifikasi":true,"kualifikasiLabel":"Ekuitas KAP","biayaSetor":true,"biayaLainnya":false,"biayaSetorLabel":"Stor Ke P3SM"}');
INSERT INTO `sbu_types` (`id`, `slug`, `name`, `created_at`, `updated_at`, `menu_config`) VALUES ('019c8dc7-0ecb-72da-96a1-14891247d74d', 'perizinan-berusaha-oss', 'Perizinan Berusaha OSS', '2026-02-24 03:52:38', '2026-02-24 03:53:30', '{"asosiasi":false,"klasifikasi":false,"kualifikasi":true,"kualifikasiLabel":"Kualifikasi","biayaSetor":true,"biayaSetorLabel":null,"biayaLainnya":false,"kodeField":{"enabled":true,"label":"Keterangan"}}');
INSERT INTO `sbu_types` (`id`, `slug`, `name`, `created_at`, `updated_at`, `menu_config`) VALUES ('019c8dca-b782-73a1-bb01-cf72b37144e1', 'pengalaman-sbu', 'Pengalaman SBU', '2026-02-24 03:56:38', '2026-02-24 03:57:42', '{"asosiasi":false,"klasifikasi":false,"kualifikasi":true,"kualifikasiLabel":"Jenjang","biayaSetor":true,"biayaSetorLabel":null,"biayaLainnya":false,"kodeField":{"enabled":false,"label":"Kode"}}');

-- === certificates ===
INSERT INTO `certificates` (`id`, `name`, `sub_menus`, `created_at`, `updated_at`, `sbu_type_slug`) VALUES ('019c8d89-5c18-73f1-8812-c2690cc69fb1', 'SBU Konstruksi', '[]', '2026-02-24 02:45:15', '2026-02-24 02:45:15', 'konstruksi');
INSERT INTO `certificates` (`id`, `name`, `sub_menus`, `created_at`, `updated_at`, `sbu_type_slug`) VALUES ('019c8d89-5c1a-7296-94bc-5fac0e2021e0', 'SKK Konstruksi', '[]', '2026-02-24 02:45:15', '2026-02-24 02:45:15', 'skk');
INSERT INTO `certificates` (`id`, `name`, `sub_menus`, `created_at`, `updated_at`, `sbu_type_slug`) VALUES ('019c8d89-5c1d-718a-a472-b1a84e75cdb5', 'SBU Konsultan', '[]', '2026-02-24 02:45:15', '2026-02-24 02:45:15', 'konsultan');
INSERT INTO `certificates` (`id`, `name`, `sub_menus`, `created_at`, `updated_at`, `sbu_type_slug`) VALUES ('019c8d89-5c20-7344-b968-bedd57fccedc', 'Dokumen SMAP', '[]', '2026-02-24 02:45:15', '2026-02-24 02:45:15', 'smap');
INSERT INTO `certificates` (`id`, `name`, `sub_menus`, `created_at`, `updated_at`, `sbu_type_slug`) VALUES ('019c8d89-5c23-70f3-86f3-d460db47dcb0', 'Akun SIMPK dan Alat', '[]', '2026-02-24 02:45:15', '2026-02-24 02:45:15', 'simpk');
INSERT INTO `certificates` (`id`, `name`, `sub_menus`, `created_at`, `updated_at`, `sbu_type_slug`) VALUES ('019c8d89-5c25-73d1-a649-f6d1311e5d49', 'Notaris', '[]', '2026-02-24 02:45:15', '2026-02-24 02:45:15', 'notaris');
INSERT INTO `certificates` (`id`, `name`, `sub_menus`, `created_at`, `updated_at`, `sbu_type_slug`) VALUES ('019c8d89-5c28-7185-b505-80bc6bcbddbc', 'Sewa SKK Tenaga Ahli', '[]', '2026-02-24 02:45:15', '2026-02-24 02:45:15', 'sewa-skk');
INSERT INTO `certificates` (`id`, `name`, `sub_menus`, `created_at`, `updated_at`, `sbu_type_slug`) VALUES ('019c8d89-5c2b-707a-8734-f7426d8f251b', 'SMK3 Perusahaan (Kemenaker)', '[]', '2026-02-24 02:45:15', '2026-02-24 02:45:15', 'smk3');
INSERT INTO `certificates` (`id`, `name`, `sub_menus`, `created_at`, `updated_at`, `sbu_type_slug`) VALUES ('019c8d89-5c2d-71fa-a8a6-42c5516297ad', 'AK3 Umum Kemenaker', '[]', '2026-02-24 02:45:15', '2026-02-24 02:45:15', 'ak3');
INSERT INTO `certificates` (`id`, `name`, `sub_menus`, `created_at`, `updated_at`, `sbu_type_slug`) VALUES ('019c8d89-5c30-7316-90bc-db46d77f344a', 'ISO Lokal', '[]', '2026-02-24 02:45:15', '2026-02-24 02:45:15', 'iso-lokal');
INSERT INTO `certificates` (`id`, `name`, `sub_menus`, `created_at`, `updated_at`, `sbu_type_slug`) VALUES ('019c8d89-5c32-73ce-9ee8-2a4fc298c581', 'ISO UAF (Americo)', '[]', '2026-02-24 02:45:15', '2026-02-24 02:45:15', 'iso-uaf');
INSERT INTO `certificates` (`id`, `name`, `sub_menus`, `created_at`, `updated_at`, `sbu_type_slug`) VALUES ('019c8d89-5c36-7192-9728-58ddadab60e4', 'ISO KAN (P3SM)', '[]', '2026-02-24 02:45:15', '2026-02-24 02:45:15', 'iso-kan');
INSERT INTO `certificates` (`id`, `name`, `sub_menus`, `created_at`, `updated_at`, `sbu_type_slug`) VALUES ('019c8d89-5c38-726d-b4b4-9c0de8938f4b', 'KAP Non Barcode (Alam)', '[]', '2026-02-24 02:45:15', '2026-02-24 02:45:15', 'kap-nonbarcode');
INSERT INTO `certificates` (`id`, `name`, `sub_menus`, `created_at`, `updated_at`, `sbu_type_slug`) VALUES ('019c8d89-5c3b-70e3-992d-d37ff9104eda', 'KAP Barcode Tidak Audit', '[]', '2026-02-24 02:45:15', '2026-02-24 02:45:15', 'kap-barcode');
INSERT INTO `certificates` (`id`, `name`, `sub_menus`, `created_at`, `updated_at`, `sbu_type_slug`) VALUES ('019c8d89-5c3d-72ae-b2e9-6098810b46d5', 'KAP Barcode P3SM (Sistem Audit)', '[]', '2026-02-24 02:45:15', '2026-02-24 02:45:15', 'kap-barcode-p3sm');
INSERT INTO `certificates` (`id`, `name`, `sub_menus`, `created_at`, `updated_at`, `sbu_type_slug`) VALUES ('019c8dc7-0ed0-71b5-bcbb-b7978e98ab58', 'Perizinan Berusaha OSS', '[]', '2026-02-24 03:52:38', '2026-02-24 03:52:38', 'perizinan-berusaha-oss');
INSERT INTO `certificates` (`id`, `name`, `sub_menus`, `created_at`, `updated_at`, `sbu_type_slug`) VALUES ('019c8dca-b786-7272-b30e-965d391dbcee', 'Pengalaman SBU', '[]', '2026-02-24 03:56:38', '2026-02-24 03:56:38', 'pengalaman-sbu');

-- === marketing_names ===
INSERT INTO `marketing_names` (`id`, `name`, `created_at`, `updated_at`) VALUES ('019c8d89-5c40-71c7-8bfa-59f758fd82c0', 'Hidayatullah', '2026-02-24 02:45:15', '2026-02-24 02:45:15');
INSERT INTO `marketing_names` (`id`, `name`, `created_at`, `updated_at`) VALUES ('019c8d89-5c42-7300-bae7-94bc48e1f93a', 'Abdul Fatahurahman', '2026-02-24 02:45:15', '2026-02-24 02:45:15');
INSERT INTO `marketing_names` (`id`, `name`, `created_at`, `updated_at`) VALUES ('019c8d89-5c45-730a-88f0-c2bd79a66be6', 'Nuzul Arifin', '2026-02-24 02:45:15', '2026-02-24 02:45:15');

-- === asosiasi ===
INSERT INTO `asosiasi` (`id`, `sbu_type_id`, `name`, `sub_klasifikasi`, `created_at`, `updated_at`) VALUES ('019c8db8-1916-707c-89bf-fccafeb4b4c6', '019c8d89-5c48-73a8-9f4c-1074a5add7f1', 'P3SM', NULL, '2026-02-24 03:36:18', '2026-02-24 03:36:18');
INSERT INTO `asosiasi` (`id`, `sbu_type_id`, `name`, `sub_klasifikasi`, `created_at`, `updated_at`) VALUES ('019c8db8-1917-71fa-ab50-c02c17862a7e', '019c8d89-5c48-73a8-9f4c-1074a5add7f1', 'GAPEKNAS', NULL, '2026-02-24 03:36:18', '2026-02-24 03:36:18');
INSERT INTO `asosiasi` (`id`, `sbu_type_id`, `name`, `sub_klasifikasi`, `created_at`, `updated_at`) VALUES ('019c8dbc-2930-739a-a1a7-5ecf746effc4', '019c8d89-5c4d-7392-afaf-cca4a106bfc4', 'LPJK', NULL, '2026-02-24 03:40:44', '2026-02-24 03:40:44');

-- === klasifikasi ===
INSERT INTO `klasifikasi` (`id`, `sbu_type_id`, `asosiasi_id`, `name`, `sub_klasifikasi`, `kualifikasi`, `sub_bidang`, `created_at`, `updated_at`) VALUES ('019c8db8-1918-73bf-9828-f282729da360', '019c8d89-5c48-73a8-9f4c-1074a5add7f1', NULL, 'UMUM BANGUNAN GEDUNG', '["BG 001\\tKonstruksi Gedung Hunian","BG 002\\tKonstruksi Gedung Perkantoran","BG 003\\tKonstruksi Gedung Industri","BG 004\\tKonstruksi Gedung Perbelanjaan","BG 005\\tKonstruksi Gedung Kesehatan","BG 006\\tKonstruksi Gedung Pendidikan","BG 007\\tKonstruksi Gedung Penginapan","BG 008\\tKonstruksi Gedung Hiburan dan Olahraga","BG 009\\tKonstruksi Gedung Lainnya"]', '[]', '[]', '2026-02-24 03:36:18', '2026-02-24 03:36:18');
INSERT INTO `klasifikasi` (`id`, `sbu_type_id`, `asosiasi_id`, `name`, `sub_klasifikasi`, `kualifikasi`, `sub_bidang`, `created_at`, `updated_at`) VALUES ('019c8db8-1918-73bf-9828-f282731fd7ad', '019c8d89-5c48-73a8-9f4c-1074a5add7f1', NULL, 'UMUM BANGUNAN SIPIL', '["BS 001\\tKonstruksi Bangunan Sipil Jalan","BS 002\\t\\"Konstruksi Bangunan Sipil Jembatan, Jalan Layang, Fly Over dan","Underpass\\"","BS 003\\tKonstruksi Bangunan Sipil Jalan Rel","BS 004\\tKonstruksi Jaringan Irigasi dan Drainase","BS 005\\tKonstruksi Bangunan Sipil Pengolahan Air Bersih","BS 006\\t\\"Konstruksi Bangunan Sipil Prasarana dan Sarana Sistem Pengolahan","Limbat Padat, Cair dan Gas\\"","BS 007\\tKonstruksi Bangunan Sipil Elektrikal","BS 008\\t\\"Konstruksi Bangunan Sipil Telekomunikasi untuk Prasarana","Transportasi\\"","BS 009\\tKonstruksi Sentra Telekomunikasi","BS 010\\tKonstruksi Bangunan Prasarana Sumber Daya Air","BS 011\\tKonstruksi Bangunan Pelabuhan Bukan Perikanan","BS 012\\tKonstruksi Bangunan Pelabuhan Perikanan","BS 013\\tKonstruksi Bangunan Sipil Minyak dan Gas Bumi","BS 014\\tKonstruksi Bangunan Sipil Pertambangan","BS 015\\tKonstruksi Bangunan Sipil Panas Bumi","BS 016\\tKonstruksi Bangunan Sipil Fasilitas Olahraga","BS 017\\tKonstruksi Bangunan Sipil Lainnya Ytdl","BS 018\\t\\"Konstruksi Bangunan Sipil Fasilitas Pengolahan Produk Kimia,","Petrokimia, Farmasi dan Industri Lainnya\\"","BS 019\\tKonstruksi Bangunan Sipil Fasilitas Militer dan peluncuran Satelit","BS 020\\tKonstruksi Jaringan Irigasi, Komunikasi dan Limbah Lainnya"]', '[]', '[]', '2026-02-24 03:36:18', '2026-02-24 03:36:18');
INSERT INTO `klasifikasi` (`id`, `sbu_type_id`, `asosiasi_id`, `name`, `sub_klasifikasi`, `kualifikasi`, `sub_bidang`, `created_at`, `updated_at`) VALUES ('019c8dbc-2932-727a-b097-6593adc4d91f', '019c8d89-5c4d-7392-afaf-cca4a106bfc4', NULL, 'Ahli Muda (Jenjang 7)', '[]', NULL, NULL, '2026-02-24 03:40:44', '2026-02-24 03:40:44');
INSERT INTO `klasifikasi` (`id`, `sbu_type_id`, `asosiasi_id`, `name`, `sub_klasifikasi`, `kualifikasi`, `sub_bidang`, `created_at`, `updated_at`) VALUES ('019c8dbc-2932-727a-b097-6593ae23acd7', '019c8d89-5c4d-7392-afaf-cca4a106bfc4', NULL, 'Ahli Madya (Jenjang 8)', '["Sub SKK A","Sub SKK B"]', NULL, NULL, '2026-02-24 03:40:44', '2026-02-24 03:40:44');
INSERT INTO `klasifikasi` (`id`, `sbu_type_id`, `asosiasi_id`, `name`, `sub_klasifikasi`, `kualifikasi`, `sub_bidang`, `created_at`, `updated_at`) VALUES ('019c8dbc-2932-727a-b097-6593ae994b94', '019c8d89-5c4d-7392-afaf-cca4a106bfc4', NULL, 'Ahli Utama (Jenjang 9)', '["Sub SKK 1","Sub SKK 2"]', NULL, NULL, '2026-02-24 03:40:44', '2026-02-24 03:40:44');
INSERT INTO `klasifikasi` (`id`, `sbu_type_id`, `asosiasi_id`, `name`, `sub_klasifikasi`, `kualifikasi`, `sub_bidang`, `created_at`, `updated_at`) VALUES ('019c8dc0-d3a4-70b8-b5e0-e15b05260607', '019c8d89-5c4a-709f-bcf6-09a004f15bf9', NULL, 'Layanan Jasa Inspeksi Rekayasa', '["Sub Konsultan 1","Sub Konsultan 2"]', '[]', '[]', '2026-02-24 03:45:50', '2026-02-24 03:45:50');
INSERT INTO `klasifikasi` (`id`, `sbu_type_id`, `asosiasi_id`, `name`, `sub_klasifikasi`, `kualifikasi`, `sub_bidang`, `created_at`, `updated_at`) VALUES ('019c8dc0-d3a5-7100-889a-1fe56cfbf139', '019c8d89-5c4a-709f-bcf6-09a004f15bf9', NULL, 'Layanan Jasa Inspeksi Non-Rekayasa', '["Sub Konsultan A","Sub Konsultan B"]', '[]', '[]', '2026-02-24 03:45:50', '2026-02-24 03:45:50');

-- === biaya_items ===
INSERT INTO `biaya_items` (`id`, `sbu_type_id`, `asosiasi_id`, `category`, `name`, `biaya`, `created_at`, `updated_at`, `kode`) VALUES ('019c8d89-5d2a-719a-b85b-ddf8e11d9690', '019c8d89-5c54-726f-a394-43c852e25db9', NULL, 'kualifikasi', 'Pendirian PT (Modal Dasar Max 1M)', 3200000, '2026-02-24 02:45:15', '2026-02-24 02:45:15', 'PAKET DASAR');
INSERT INTO `biaya_items` (`id`, `sbu_type_id`, `asosiasi_id`, `category`, `name`, `biaya`, `created_at`, `updated_at`, `kode`) VALUES ('019c8d89-5d2d-702b-b0c6-afcdbd4e1011', '019c8d89-5c54-726f-a394-43c852e25db9', NULL, 'kualifikasi', 'Pendirian PT (Modal Dasar Max 1M)', 3300000, '2026-02-24 02:45:15', '2026-02-24 02:45:15', 'PAKET LENGKAP');
INSERT INTO `biaya_items` (`id`, `sbu_type_id`, `asosiasi_id`, `category`, `name`, `biaya`, `created_at`, `updated_at`, `kode`) VALUES ('019c8d89-5d30-7392-a91c-49a180c7ee40', '019c8d89-5c54-726f-a394-43c852e25db9', NULL, 'kualifikasi', 'Pendirian PT (Modal Dasar di Atas Max 1M)', 3700000, '2026-02-24 02:45:15', '2026-02-24 02:45:15', 'PAKET DASAR');
INSERT INTO `biaya_items` (`id`, `sbu_type_id`, `asosiasi_id`, `category`, `name`, `biaya`, `created_at`, `updated_at`, `kode`) VALUES ('019c8d89-5d33-70d5-aefc-8caa5f79e65d', '019c8d89-5c54-726f-a394-43c852e25db9', NULL, 'kualifikasi', 'Pendirian PT (Modal Dasar di Atas Max 1M)', 3800000, '2026-02-24 02:45:15', '2026-02-24 02:45:15', 'PAKET LENGKAP');
INSERT INTO `biaya_items` (`id`, `sbu_type_id`, `asosiasi_id`, `category`, `name`, `biaya`, `created_at`, `updated_at`, `kode`) VALUES ('019c8d89-5d35-73f9-8f46-fcf7cdc02df2', '019c8d89-5c54-726f-a394-43c852e25db9', NULL, 'kualifikasi', 'Pendirian CV', 2400000, '2026-02-24 02:45:15', '2026-02-24 02:45:15', 'PAKET DASAR');
INSERT INTO `biaya_items` (`id`, `sbu_type_id`, `asosiasi_id`, `category`, `name`, `biaya`, `created_at`, `updated_at`, `kode`) VALUES ('019c8d89-5d38-7178-9b34-fda24626bde6', '019c8d89-5c54-726f-a394-43c852e25db9', NULL, 'kualifikasi', 'Pendirian CV', 2500000, '2026-02-24 02:45:15', '2026-02-24 02:45:15', 'PAKET LENGKAP');
INSERT INTO `biaya_items` (`id`, `sbu_type_id`, `asosiasi_id`, `category`, `name`, `biaya`, `created_at`, `updated_at`, `kode`) VALUES ('019c8d89-5d3b-72f5-9df5-a0115654a171', '019c8d89-5c54-726f-a394-43c852e25db9', NULL, 'kualifikasi', 'Pendirian Yayasan', 3200000, '2026-02-24 02:45:15', '2026-02-24 02:45:15', 'PAKET DASAR');
INSERT INTO `biaya_items` (`id`, `sbu_type_id`, `asosiasi_id`, `category`, `name`, `biaya`, `created_at`, `updated_at`, `kode`) VALUES ('019c8d89-5d3f-725d-9ce4-733e81c06657', '019c8d89-5c54-726f-a394-43c852e25db9', NULL, 'kualifikasi', 'Pendirian Yayasan', 3300000, '2026-02-24 02:45:15', '2026-02-24 02:45:15', 'PAKET LENGKAP');
INSERT INTO `biaya_items` (`id`, `sbu_type_id`, `asosiasi_id`, `category`, `name`, `biaya`, `created_at`, `updated_at`, `kode`) VALUES ('019c8d89-5d42-70ee-b33f-cc0644689287', '019c8d89-5c54-726f-a394-43c852e25db9', NULL, 'kualifikasi', 'Pendirian Persekutuan Perdata', 2900000, '2026-02-24 02:45:15', '2026-02-24 02:45:15', 'PAKET DASAR');
INSERT INTO `biaya_items` (`id`, `sbu_type_id`, `asosiasi_id`, `category`, `name`, `biaya`, `created_at`, `updated_at`, `kode`) VALUES ('019c8d89-5d45-72c8-9db5-862deccafb3a', '019c8d89-5c54-726f-a394-43c852e25db9', NULL, 'kualifikasi', 'Pendirian Persekutuan Perdata', 3000000, '2026-02-24 02:45:15', '2026-02-24 02:45:15', 'PAKET LENGKAP');
INSERT INTO `biaya_items` (`id`, `sbu_type_id`, `asosiasi_id`, `category`, `name`, `biaya`, `created_at`, `updated_at`, `kode`) VALUES ('019c8d89-5d48-7018-add1-ddba3432b662', '019c8d89-5c54-726f-a394-43c852e25db9', NULL, 'kualifikasi', 'Pendirian Firma', 2900000, '2026-02-24 02:45:15', '2026-02-24 02:45:15', 'PAKET DASAR');
INSERT INTO `biaya_items` (`id`, `sbu_type_id`, `asosiasi_id`, `category`, `name`, `biaya`, `created_at`, `updated_at`, `kode`) VALUES ('019c8d89-5d4b-7065-8754-0edd24b18994', '019c8d89-5c54-726f-a394-43c852e25db9', NULL, 'kualifikasi', 'Pendirian Firma', 3000000, '2026-02-24 02:45:15', '2026-02-24 02:45:15', 'PAKET LENGKAP');
INSERT INTO `biaya_items` (`id`, `sbu_type_id`, `asosiasi_id`, `category`, `name`, `biaya`, `created_at`, `updated_at`, `kode`) VALUES ('019c8d89-5d4d-7319-8418-16db0b2244ec', '019c8d89-5c54-726f-a394-43c852e25db9', NULL, 'kualifikasi', 'Perkumpulan/ Komunitas', 3900000, '2026-02-24 02:45:15', '2026-02-24 02:45:15', 'PAKET DASAR');
INSERT INTO `biaya_items` (`id`, `sbu_type_id`, `asosiasi_id`, `category`, `name`, `biaya`, `created_at`, `updated_at`, `kode`) VALUES ('019c8d89-5d50-723b-a512-1749cf6c53f8', '019c8d89-5c54-726f-a394-43c852e25db9', NULL, 'kualifikasi', 'Perkumpulan/ Komunitas', 4000000, '2026-02-24 02:45:15', '2026-02-24 02:45:15', 'PAKET LENGKAP');
INSERT INTO `biaya_items` (`id`, `sbu_type_id`, `asosiasi_id`, `category`, `name`, `biaya`, `created_at`, `updated_at`, `kode`) VALUES ('019c8d89-5d53-7018-a43e-6907a77a05d9', '019c8d89-5c54-726f-a394-43c852e25db9', NULL, 'kualifikasi', 'Pendirian PT PMA', 5200000, '2026-02-24 02:45:15', '2026-02-24 02:45:15', 'PAKET DASAR');
INSERT INTO `biaya_items` (`id`, `sbu_type_id`, `asosiasi_id`, `category`, `name`, `biaya`, `created_at`, `updated_at`, `kode`) VALUES ('019c8d89-5d56-7343-84ca-7e3e47209f60', '019c8d89-5c54-726f-a394-43c852e25db9', NULL, 'kualifikasi', 'Pendirian PT PMA', 5300000, '2026-02-24 02:45:15', '2026-02-24 02:45:15', 'PAKET LENGKAP');
INSERT INTO `biaya_items` (`id`, `sbu_type_id`, `asosiasi_id`, `category`, `name`, `biaya`, `created_at`, `updated_at`, `kode`) VALUES ('019c8d89-5d59-738f-9626-2d3cc5e3b243', '019c8d89-5c54-726f-a394-43c852e25db9', NULL, 'biaya_setor', 'Pendirian PT (Modal Dasar Max 1M)', 3800000, '2026-02-24 02:45:15', '2026-02-24 02:45:15', 'PAKET DASAR');
INSERT INTO `biaya_items` (`id`, `sbu_type_id`, `asosiasi_id`, `category`, `name`, `biaya`, `created_at`, `updated_at`, `kode`) VALUES ('019c8d89-5d5c-7135-a413-4aa0822297ae', '019c8d89-5c54-726f-a394-43c852e25db9', NULL, 'biaya_setor', 'Pendirian PT (Modal Dasar Max 1M)', 4100000, '2026-02-24 02:45:15', '2026-02-24 02:45:15', 'PAKET LENGKAP');
INSERT INTO `biaya_items` (`id`, `sbu_type_id`, `asosiasi_id`, `category`, `name`, `biaya`, `created_at`, `updated_at`, `kode`) VALUES ('019c8d89-5d5f-72bd-8093-0bd73de6e74a', '019c8d89-5c54-726f-a394-43c852e25db9', NULL, 'biaya_setor', 'Pendirian PT (Modal Dasar di Atas Max 1M)', 4600000, '2026-02-24 02:45:15', '2026-02-24 02:45:15', 'PAKET DASAR');
INSERT INTO `biaya_items` (`id`, `sbu_type_id`, `asosiasi_id`, `category`, `name`, `biaya`, `created_at`, `updated_at`, `kode`) VALUES ('019c8d89-5d62-733a-b19d-b7a1f44cbcbc', '019c8d89-5c54-726f-a394-43c852e25db9', NULL, 'biaya_setor', 'Pendirian PT (Modal Dasar di Atas Max 1M)', 4800000, '2026-02-24 02:45:15', '2026-02-24 02:45:15', 'PAKET LENGKAP');
INSERT INTO `biaya_items` (`id`, `sbu_type_id`, `asosiasi_id`, `category`, `name`, `biaya`, `created_at`, `updated_at`, `kode`) VALUES ('019c8d89-5d65-7249-b66c-9c4ec84244dd', '019c8d89-5c54-726f-a394-43c852e25db9', NULL, 'biaya_setor', 'Pendirian CV', 2900000, '2026-02-24 02:45:15', '2026-02-24 02:45:15', 'PAKET DASAR');
INSERT INTO `biaya_items` (`id`, `sbu_type_id`, `asosiasi_id`, `category`, `name`, `biaya`, `created_at`, `updated_at`, `kode`) VALUES ('019c8d89-5d67-71db-b562-d2c2cabb87f6', '019c8d89-5c54-726f-a394-43c852e25db9', NULL, 'biaya_setor', 'Pendirian CV', 3200000, '2026-02-24 02:45:15', '2026-02-24 02:45:15', 'PAKET LENGKAP');
INSERT INTO `biaya_items` (`id`, `sbu_type_id`, `asosiasi_id`, `category`, `name`, `biaya`, `created_at`, `updated_at`, `kode`) VALUES ('019c8d89-5d6a-7316-ad29-320d814681dd', '019c8d89-5c54-726f-a394-43c852e25db9', NULL, 'biaya_setor', 'Pendirian Yayasan', 3800000, '2026-02-24 02:45:15', '2026-02-24 02:45:15', 'PAKET DASAR');
INSERT INTO `biaya_items` (`id`, `sbu_type_id`, `asosiasi_id`, `category`, `name`, `biaya`, `created_at`, `updated_at`, `kode`) VALUES ('019c8d89-5d6d-71c9-968c-2ebd7f4dfd84', '019c8d89-5c54-726f-a394-43c852e25db9', NULL, 'biaya_setor', 'Pendirian Yayasan', 4200000, '2026-02-24 02:45:15', '2026-02-24 02:45:15', 'PAKET LENGKAP');
INSERT INTO `biaya_items` (`id`, `sbu_type_id`, `asosiasi_id`, `category`, `name`, `biaya`, `created_at`, `updated_at`, `kode`) VALUES ('019c8d89-5d70-71a4-aec1-6a240d44d558', '019c8d89-5c54-726f-a394-43c852e25db9', NULL, 'biaya_setor', 'Pendirian Persekutuan Perdata', 3500000, '2026-02-24 02:45:15', '2026-02-24 02:45:15', 'PAKET DASAR');
INSERT INTO `biaya_items` (`id`, `sbu_type_id`, `asosiasi_id`, `category`, `name`, `biaya`, `created_at`, `updated_at`, `kode`) VALUES ('019c8d89-5d73-71cc-a91b-5c674e11c1ca', '019c8d89-5c54-726f-a394-43c852e25db9', NULL, 'biaya_setor', 'Pendirian Persekutuan Perdata', 3700000, '2026-02-24 02:45:15', '2026-02-24 02:45:15', 'PAKET LENGKAP');
INSERT INTO `biaya_items` (`id`, `sbu_type_id`, `asosiasi_id`, `category`, `name`, `biaya`, `created_at`, `updated_at`, `kode`) VALUES ('019c8d89-5d76-73e3-9ffe-89f0d7ff1500', '019c8d89-5c54-726f-a394-43c852e25db9', NULL, 'biaya_setor', 'Pendirian Firma', 3500000, '2026-02-24 02:45:15', '2026-02-24 02:45:15', 'PAKET DASAR');
INSERT INTO `biaya_items` (`id`, `sbu_type_id`, `asosiasi_id`, `category`, `name`, `biaya`, `created_at`, `updated_at`, `kode`) VALUES ('019c8d89-5d79-70bd-9c28-9fa10c9192ca', '019c8d89-5c54-726f-a394-43c852e25db9', NULL, 'biaya_setor', 'Pendirian Firma', 3700000, '2026-02-24 02:45:15', '2026-02-24 02:45:15', 'PAKET LENGKAP');
INSERT INTO `biaya_items` (`id`, `sbu_type_id`, `asosiasi_id`, `category`, `name`, `biaya`, `created_at`, `updated_at`, `kode`) VALUES ('019c8d89-5d7c-7132-bc63-0b63d7b1bc96', '019c8d89-5c54-726f-a394-43c852e25db9', NULL, 'biaya_setor', 'Perkumpulan/ Komunitas', 4500000, '2026-02-24 02:45:15', '2026-02-24 02:45:15', 'PAKET DASAR');
INSERT INTO `biaya_items` (`id`, `sbu_type_id`, `asosiasi_id`, `category`, `name`, `biaya`, `created_at`, `updated_at`, `kode`) VALUES ('019c8d89-5d7f-7264-9ea1-f894fdcdf0c9', '019c8d89-5c54-726f-a394-43c852e25db9', NULL, 'biaya_setor', 'Perkumpulan/ Komunitas', 4700000, '2026-02-24 02:45:15', '2026-02-24 02:45:15', 'PAKET LENGKAP');
INSERT INTO `biaya_items` (`id`, `sbu_type_id`, `asosiasi_id`, `category`, `name`, `biaya`, `created_at`, `updated_at`, `kode`) VALUES ('019c8d89-5d82-7395-96e7-871c85dbd223', '019c8d89-5c54-726f-a394-43c852e25db9', NULL, 'biaya_setor', 'Pendirian PT PMA', 7200000, '2026-02-24 02:45:15', '2026-02-24 02:45:15', 'PAKET DASAR');
INSERT INTO `biaya_items` (`id`, `sbu_type_id`, `asosiasi_id`, `category`, `name`, `biaya`, `created_at`, `updated_at`, `kode`) VALUES ('019c8d89-5d85-715f-a169-b21928b3f524', '019c8d89-5c54-726f-a394-43c852e25db9', NULL, 'biaya_setor', 'Pendirian PT PMA', 8300000, '2026-02-24 02:45:15', '2026-02-24 02:45:15', 'PAKET LENGKAP');
INSERT INTO `biaya_items` (`id`, `sbu_type_id`, `asosiasi_id`, `category`, `name`, `biaya`, `created_at`, `updated_at`, `kode`) VALUES ('019c8d89-5d88-7338-9bdf-651b43af5ef4', '019c8d89-5c57-7262-9419-296c780853a4', NULL, 'kualifikasi', 'Sembilan (9)', 0, '2026-02-24 02:45:15', '2026-02-24 02:45:15', NULL);
INSERT INTO `biaya_items` (`id`, `sbu_type_id`, `asosiasi_id`, `category`, `name`, `biaya`, `created_at`, `updated_at`, `kode`) VALUES ('019c8d89-5d8b-723a-b5e0-08ecd88444de', '019c8d89-5c57-7262-9419-296c780853a4', NULL, 'kualifikasi', 'Delapan (8)', 7300000, '2026-02-24 02:45:15', '2026-02-24 02:45:15', NULL);
INSERT INTO `biaya_items` (`id`, `sbu_type_id`, `asosiasi_id`, `category`, `name`, `biaya`, `created_at`, `updated_at`, `kode`) VALUES ('019c8d89-5d8e-703a-9b2e-23726fc394d6', '019c8d89-5c57-7262-9419-296c780853a4', NULL, 'kualifikasi', 'Tujuh (7)', 5300000, '2026-02-24 02:45:15', '2026-02-24 02:45:15', NULL);
INSERT INTO `biaya_items` (`id`, `sbu_type_id`, `asosiasi_id`, `category`, `name`, `biaya`, `created_at`, `updated_at`, `kode`) VALUES ('019c8d89-5d91-7079-aeb0-63caaa12546f', '019c8d89-5c57-7262-9419-296c780853a4', NULL, 'kualifikasi', 'Enam (6)', 3800000, '2026-02-24 02:45:15', '2026-02-24 02:45:15', NULL);
INSERT INTO `biaya_items` (`id`, `sbu_type_id`, `asosiasi_id`, `category`, `name`, `biaya`, `created_at`, `updated_at`, `kode`) VALUES ('019c8d89-5d94-738e-aafa-7b5f42702ac1', '019c8d89-5c57-7262-9419-296c780853a4', NULL, 'kualifikasi', 'Lima (5)', 2200000, '2026-02-24 02:45:15', '2026-02-24 02:45:15', NULL);
INSERT INTO `biaya_items` (`id`, `sbu_type_id`, `asosiasi_id`, `category`, `name`, `biaya`, `created_at`, `updated_at`, `kode`) VALUES ('019c8d89-5d97-73ce-a19c-da36c46c03d5', '019c8d89-5c57-7262-9419-296c780853a4', NULL, 'kualifikasi', 'Empat (4)', 2100000, '2026-02-24 02:45:15', '2026-02-24 02:45:15', NULL);
INSERT INTO `biaya_items` (`id`, `sbu_type_id`, `asosiasi_id`, `category`, `name`, `biaya`, `created_at`, `updated_at`, `kode`) VALUES ('019c8d89-5d9b-7018-8864-2bedfa606c06', '019c8d89-5c57-7262-9419-296c780853a4', NULL, 'biaya_setor', 'Sembilan (9)', 0, '2026-02-24 02:45:15', '2026-02-24 02:45:15', NULL);
INSERT INTO `biaya_items` (`id`, `sbu_type_id`, `asosiasi_id`, `category`, `name`, `biaya`, `created_at`, `updated_at`, `kode`) VALUES ('019c8d89-5d9e-7275-b946-c9cf764b30f2', '019c8d89-5c57-7262-9419-296c780853a4', NULL, 'biaya_setor', 'Delapan (8)', 8800000, '2026-02-24 02:45:15', '2026-02-24 02:45:15', NULL);
INSERT INTO `biaya_items` (`id`, `sbu_type_id`, `asosiasi_id`, `category`, `name`, `biaya`, `created_at`, `updated_at`, `kode`) VALUES ('019c8d89-5da1-70a9-88dd-e37e61e593ef', '019c8d89-5c57-7262-9419-296c780853a4', NULL, 'biaya_setor', 'Tujuh (7)', 6300000, '2026-02-24 02:45:15', '2026-02-24 02:45:15', NULL);
INSERT INTO `biaya_items` (`id`, `sbu_type_id`, `asosiasi_id`, `category`, `name`, `biaya`, `created_at`, `updated_at`, `kode`) VALUES ('019c8d89-5da4-700d-bc1d-a62cb15a90c3', '019c8d89-5c57-7262-9419-296c780853a4', NULL, 'biaya_setor', 'Enam (6)', 4500000, '2026-02-24 02:45:15', '2026-02-24 02:45:15', NULL);
INSERT INTO `biaya_items` (`id`, `sbu_type_id`, `asosiasi_id`, `category`, `name`, `biaya`, `created_at`, `updated_at`, `kode`) VALUES ('019c8d89-5da7-716e-813e-2d577f56f8e4', '019c8d89-5c57-7262-9419-296c780853a4', NULL, 'biaya_setor', 'Lima (5)', 2800000, '2026-02-24 02:45:15', '2026-02-24 02:45:15', NULL);
INSERT INTO `biaya_items` (`id`, `sbu_type_id`, `asosiasi_id`, `category`, `name`, `biaya`, `created_at`, `updated_at`, `kode`) VALUES ('019c8d89-5daa-72cd-8fff-5b8471cd001a', '019c8d89-5c57-7262-9419-296c780853a4', NULL, 'biaya_setor', 'Empat (4)', 2600000, '2026-02-24 02:45:15', '2026-02-24 02:45:15', NULL);
INSERT INTO `biaya_items` (`id`, `sbu_type_id`, `asosiasi_id`, `category`, `name`, `biaya`, `created_at`, `updated_at`, `kode`) VALUES ('019c8d89-5dad-73a4-8905-a81f0eee883a', '019c8d89-5c5a-7213-9100-1de7e406e192', NULL, 'kualifikasi', 'SMK3 PERUSAHAAN', 27000000, '2026-02-24 02:45:15', '2026-02-24 02:45:15', 'TIDAK PAKET DENGAN K3 UMUM');
INSERT INTO `biaya_items` (`id`, `sbu_type_id`, `asosiasi_id`, `category`, `name`, `biaya`, `created_at`, `updated_at`, `kode`) VALUES ('019c8d89-5db1-7131-af9b-42945343e1b4', '019c8d89-5c5a-7213-9100-1de7e406e192', NULL, 'kualifikasi', 'SMK3 PERUSAHAAN', 29000000, '2026-02-24 02:45:15', '2026-02-24 02:45:15', 'PAKET DENGAN K3 UMUM');
INSERT INTO `biaya_items` (`id`, `sbu_type_id`, `asosiasi_id`, `category`, `name`, `biaya`, `created_at`, `updated_at`, `kode`) VALUES ('019c8d89-5db4-72a9-bca5-6d431dedcd86', '019c8d89-5c5a-7213-9100-1de7e406e192', NULL, 'biaya_setor', 'SMK3 PERUSAHAAN', 29000000, '2026-02-24 02:45:15', '2026-02-24 02:45:15', 'TIDAK PAKET DENGAN K3 UMUM');
INSERT INTO `biaya_items` (`id`, `sbu_type_id`, `asosiasi_id`, `category`, `name`, `biaya`, `created_at`, `updated_at`, `kode`) VALUES ('019c8d89-5db7-7214-b273-efc05654ea48', '019c8d89-5c5a-7213-9100-1de7e406e192', NULL, 'biaya_setor', 'SMK3 PERUSAHAAN', 32000000, '2026-02-24 02:45:15', '2026-02-24 02:45:15', 'PAKET DENGAN K3 UMUM');
INSERT INTO `biaya_items` (`id`, `sbu_type_id`, `asosiasi_id`, `category`, `name`, `biaya`, `created_at`, `updated_at`, `kode`) VALUES ('019c8d89-5dba-71aa-9a39-e70a1324c744', '019c8d89-5c5d-7310-8911-7988a916e771', NULL, 'kualifikasi', 'AK3 UMUM', 3420000, '2026-02-24 02:45:15', '2026-02-24 02:45:15', NULL);
INSERT INTO `biaya_items` (`id`, `sbu_type_id`, `asosiasi_id`, `category`, `name`, `biaya`, `created_at`, `updated_at`, `kode`) VALUES ('019c8d89-5dbd-71dd-b031-c984d4f8bb19', '019c8d89-5c5d-7310-8911-7988a916e771', NULL, 'biaya_setor', 'AK3 UMUM', 4500000, '2026-02-24 02:45:15', '2026-02-24 02:45:15', NULL);

-- === biaya_items ===
INSERT INTO `biaya_items` (`id`, `sbu_type_id`, `asosiasi_id`, `category`, `name`, `biaya`, `created_at`, `updated_at`, `kode`) VALUES ('019c8d89-5dc0-7170-8699-962e9f5a87ed', '019c8d89-5c60-70cb-a0f3-1ec25d9ab4d9', NULL, 'kualifikasi', 'SISTEM MANAJEMEN MUTU', 2000000, '2026-02-24 02:45:15', '2026-02-24 02:45:15', '9001 (2015)');
INSERT INTO `biaya_items` (`id`, `sbu_type_id`, `asosiasi_id`, `category`, `name`, `biaya`, `created_at`, `updated_at`, `kode`) VALUES ('019c8d89-5dc3-70ba-8ae0-fa757020a3cf', '019c8d89-5c60-70cb-a0f3-1ec25d9ab4d9', NULL, 'kualifikasi', 'SISTEM MANAJEMEN LINGKUNGAN', 2000000, '2026-02-24 02:45:15', '2026-02-24 02:45:15', '14001 (2018)');
INSERT INTO `biaya_items` (`id`, `sbu_type_id`, `asosiasi_id`, `category`, `name`, `biaya`, `created_at`, `updated_at`, `kode`) VALUES ('019c8d89-5dc6-71d7-a32a-127971371f58', '019c8d89-5c60-70cb-a0f3-1ec25d9ab4d9', NULL, 'kualifikasi', 'SISTEM MANAJEMEN KESEHATAN DAN KESELAMATAN', 2000000, '2026-02-24 02:45:15', '2026-02-24 02:45:15', '45001 (2015)');
INSERT INTO `biaya_items` (`id`, `sbu_type_id`, `asosiasi_id`, `category`, `name`, `biaya`, `created_at`, `updated_at`, `kode`) VALUES ('019c8d89-5dc9-7142-98e1-b8163b0f8765', '019c8d89-5c60-70cb-a0f3-1ec25d9ab4d9', NULL, 'kualifikasi', 'PAKET 3 ISO', 6000000, '2026-02-24 02:45:15', '2026-02-24 02:45:15', '9001, 14001, 45001');
INSERT INTO `biaya_items` (`id`, `sbu_type_id`, `asosiasi_id`, `category`, `name`, `biaya`, `created_at`, `updated_at`, `kode`) VALUES ('019c8d89-5dcc-707a-86d7-fa3a90dfb620', '019c8d89-5c60-70cb-a0f3-1ec25d9ab4d9', NULL, 'biaya_setor', 'SISTEM MANAJEMEN MUTU', 2500000, '2026-02-24 02:45:15', '2026-02-24 02:45:15', '9001 (2015)');
INSERT INTO `biaya_items` (`id`, `sbu_type_id`, `asosiasi_id`, `category`, `name`, `biaya`, `created_at`, `updated_at`, `kode`) VALUES ('019c8d89-5dcf-7159-b075-abf802ae5ea7', '019c8d89-5c60-70cb-a0f3-1ec25d9ab4d9', NULL, 'biaya_setor', 'SISTEM MANAJEMEN LINGKUNGAN', 2500000, '2026-02-24 02:45:15', '2026-02-24 02:45:15', '14001 (2018)');
INSERT INTO `biaya_items` (`id`, `sbu_type_id`, `asosiasi_id`, `category`, `name`, `biaya`, `created_at`, `updated_at`, `kode`) VALUES ('019c8d89-5dd2-736b-ac49-70dd86cdb13f', '019c8d89-5c60-70cb-a0f3-1ec25d9ab4d9', NULL, 'biaya_setor', 'SISTEM MANAJEMEN KESEHATAN DAN KESELAMATAN', 2500000, '2026-02-24 02:45:15', '2026-02-24 02:45:15', '45001 (2015)');
INSERT INTO `biaya_items` (`id`, `sbu_type_id`, `asosiasi_id`, `category`, `name`, `biaya`, `created_at`, `updated_at`, `kode`) VALUES ('019c8d89-5dd5-71be-aacf-b0969516821e', '019c8d89-5c60-70cb-a0f3-1ec25d9ab4d9', NULL, 'biaya_setor', 'PAKET 3 ISO', 7500000, '2026-02-24 02:45:15', '2026-02-24 02:45:15', '9001, 14001, 45001');
INSERT INTO `biaya_items` (`id`, `sbu_type_id`, `asosiasi_id`, `category`, `name`, `biaya`, `created_at`, `updated_at`, `kode`) VALUES ('019c8d89-5dd8-71f5-b6d3-1ea5830fb6ef', '019c8d89-5c63-71ae-a1cc-b60802b6258e', NULL, 'kualifikasi', 'SISTEM MANAJEMEN MUTU', 4000000, '2026-02-24 02:45:15', '2026-02-24 02:45:15', '9001 (2015)');
INSERT INTO `biaya_items` (`id`, `sbu_type_id`, `asosiasi_id`, `category`, `name`, `biaya`, `created_at`, `updated_at`, `kode`) VALUES ('019c8d89-5ddb-7024-90a1-376f2bdf1778', '019c8d89-5c63-71ae-a1cc-b60802b6258e', NULL, 'kualifikasi', 'SISTEM MANAJEMEN LINGKUNGAN', 4000000, '2026-02-24 02:45:15', '2026-02-24 02:45:15', '14001 (2018)');
INSERT INTO `biaya_items` (`id`, `sbu_type_id`, `asosiasi_id`, `category`, `name`, `biaya`, `created_at`, `updated_at`, `kode`) VALUES ('019c8d89-5dde-72fd-b1e8-4b3bd7f00392', '019c8d89-5c63-71ae-a1cc-b60802b6258e', NULL, 'kualifikasi', 'SISTEM MANAJEMEN KESEHATAN DAN KESELAMATAN', 4000000, '2026-02-24 02:45:15', '2026-02-24 02:45:15', '45001 (2015)');
INSERT INTO `biaya_items` (`id`, `sbu_type_id`, `asosiasi_id`, `category`, `name`, `biaya`, `created_at`, `updated_at`, `kode`) VALUES ('019c8d89-5de2-7032-ae72-6b81a1874f16', '019c8d89-5c63-71ae-a1cc-b60802b6258e', NULL, 'kualifikasi', 'SISTEM MANAJEMEN ANTI PENYUAPAN (SMAP)', 8000000, '2026-02-24 02:45:15', '2026-02-24 02:45:15', '37001 (2016)');
INSERT INTO `biaya_items` (`id`, `sbu_type_id`, `asosiasi_id`, `category`, `name`, `biaya`, `created_at`, `updated_at`, `kode`) VALUES ('019c8d89-5de5-7371-9cab-f74bb08ef598', '019c8d89-5c63-71ae-a1cc-b60802b6258e', NULL, 'kualifikasi', 'PAKET 3 ISO', 10000000, '2026-02-24 02:45:15', '2026-02-24 02:45:15', '9001, 14001, 45001');
INSERT INTO `biaya_items` (`id`, `sbu_type_id`, `asosiasi_id`, `category`, `name`, `biaya`, `created_at`, `updated_at`, `kode`) VALUES ('019c8d89-5de8-72c7-85d9-4d9e2a1153bd', '019c8d89-5c63-71ae-a1cc-b60802b6258e', NULL, 'biaya_setor', 'SISTEM MANAJEMEN MUTU', 5000000, '2026-02-24 02:45:15', '2026-02-24 02:45:15', '9001 (2015)');
INSERT INTO `biaya_items` (`id`, `sbu_type_id`, `asosiasi_id`, `category`, `name`, `biaya`, `created_at`, `updated_at`, `kode`) VALUES ('019c8d89-5dec-7294-bca2-3003be6ad9ab', '019c8d89-5c63-71ae-a1cc-b60802b6258e', NULL, 'biaya_setor', 'SISTEM MANAJEMEN LINGKUNGAN', 5000000, '2026-02-24 02:45:15', '2026-02-24 02:45:15', '14001 (2018)');
INSERT INTO `biaya_items` (`id`, `sbu_type_id`, `asosiasi_id`, `category`, `name`, `biaya`, `created_at`, `updated_at`, `kode`) VALUES ('019c8d89-5def-723b-b782-ff75ed64e9d7', '019c8d89-5c63-71ae-a1cc-b60802b6258e', NULL, 'biaya_setor', 'SISTEM MANAJEMEN KESEHATAN DAN KESELAMATAN', 5000000, '2026-02-24 02:45:15', '2026-02-24 02:45:15', '45001 (2015)');
INSERT INTO `biaya_items` (`id`, `sbu_type_id`, `asosiasi_id`, `category`, `name`, `biaya`, `created_at`, `updated_at`, `kode`) VALUES ('019c8d89-5df2-7185-8cc1-0fd2da5b6fae', '019c8d89-5c63-71ae-a1cc-b60802b6258e', NULL, 'biaya_setor', 'SISTEM MANAJEMEN ANTI PENYUAPAN (SMAP)', 11000000, '2026-02-24 02:45:15', '2026-02-24 02:45:15', '37001 (2016)');
INSERT INTO `biaya_items` (`id`, `sbu_type_id`, `asosiasi_id`, `category`, `name`, `biaya`, `created_at`, `updated_at`, `kode`) VALUES ('019c8d89-5df5-718a-9a29-1c4f5c6e22a1', '019c8d89-5c63-71ae-a1cc-b60802b6258e', NULL, 'biaya_setor', 'PAKET 3 ISO', 15000000, '2026-02-24 02:45:15', '2026-02-24 02:45:15', '9001, 14001, 45001');
INSERT INTO `biaya_items` (`id`, `sbu_type_id`, `asosiasi_id`, `category`, `name`, `biaya`, `created_at`, `updated_at`, `kode`) VALUES ('019c8d89-5df8-716a-bc03-5f6371e91c27', '019c8d89-5c65-70cf-aa38-32dc0b478fef', NULL, 'kualifikasi', 'SISTEM MANAJEMEN MUTU', 17000000, '2026-02-24 02:45:15', '2026-02-24 02:45:15', '9001 (2015)');
INSERT INTO `biaya_items` (`id`, `sbu_type_id`, `asosiasi_id`, `category`, `name`, `biaya`, `created_at`, `updated_at`, `kode`) VALUES ('019c8d89-5dfb-72ce-9bfe-b06fa0a7e972', '019c8d89-5c65-70cf-aa38-32dc0b478fef', NULL, 'kualifikasi', 'SISTEM MANAJEMEN LINGKUNGAN', 18000000, '2026-02-24 02:45:15', '2026-02-24 02:45:15', '14001 (2018)');
INSERT INTO `biaya_items` (`id`, `sbu_type_id`, `asosiasi_id`, `category`, `name`, `biaya`, `created_at`, `updated_at`, `kode`) VALUES ('019c8d89-5dff-704b-8cc4-e898f4bc11df', '019c8d89-5c65-70cf-aa38-32dc0b478fef', NULL, 'kualifikasi', 'SISTEM MANAJEMEN KESEHATAN DAN KESELAMATAN', 19000000, '2026-02-24 02:45:15', '2026-02-24 02:45:15', '45001 (2015)');
INSERT INTO `biaya_items` (`id`, `sbu_type_id`, `asosiasi_id`, `category`, `name`, `biaya`, `created_at`, `updated_at`, `kode`) VALUES ('019c8d89-5e02-7014-93f8-ef12b4150f2e', '019c8d89-5c65-70cf-aa38-32dc0b478fef', NULL, 'kualifikasi', 'SISTEM MANAJEMEN ANTI PENYUAPAN (SMAP)', 27000000, '2026-02-24 02:45:15', '2026-02-24 02:45:15', '37001 (2016)');
INSERT INTO `biaya_items` (`id`, `sbu_type_id`, `asosiasi_id`, `category`, `name`, `biaya`, `created_at`, `updated_at`, `kode`) VALUES ('019c8d89-5e06-70fe-9b29-5e74a8b7ef69', '019c8d89-5c65-70cf-aa38-32dc0b478fef', NULL, 'biaya_setor', 'SISTEM MANAJEMEN MUTU', 18000000, '2026-02-24 02:45:15', '2026-02-24 02:45:15', '9001 (2015)');
INSERT INTO `biaya_items` (`id`, `sbu_type_id`, `asosiasi_id`, `category`, `name`, `biaya`, `created_at`, `updated_at`, `kode`) VALUES ('019c8d89-5e09-7199-8235-267725d64fa8', '019c8d89-5c65-70cf-aa38-32dc0b478fef', NULL, 'biaya_setor', 'SISTEM MANAJEMEN LINGKUNGAN', 19000000, '2026-02-24 02:45:15', '2026-02-24 02:45:15', '14001 (2018)');
INSERT INTO `biaya_items` (`id`, `sbu_type_id`, `asosiasi_id`, `category`, `name`, `biaya`, `created_at`, `updated_at`, `kode`) VALUES ('019c8d89-5e20-717e-95a4-5d8e603eb974', '019c8d89-5c65-70cf-aa38-32dc0b478fef', NULL, 'biaya_setor', 'SISTEM MANAJEMEN KESEHATAN DAN KESELAMATAN', 25000000, '2026-02-24 02:45:15', '2026-02-24 02:45:15', '45001 (2015)');
INSERT INTO `biaya_items` (`id`, `sbu_type_id`, `asosiasi_id`, `category`, `name`, `biaya`, `created_at`, `updated_at`, `kode`) VALUES ('019c8d89-5e24-731c-9381-fe2012aa0e95', '019c8d89-5c65-70cf-aa38-32dc0b478fef', NULL, 'biaya_setor', 'SISTEM MANAJEMEN ANTI PENYUAPAN (SMAP)', 38000000, '2026-02-24 02:45:15', '2026-02-24 02:45:15', '37001 (2016)');
INSERT INTO `biaya_items` (`id`, `sbu_type_id`, `asosiasi_id`, `category`, `name`, `biaya`, `created_at`, `updated_at`, `kode`) VALUES ('019c8d89-5e27-73e7-838b-160635b37547', '019c8d89-5c68-713f-9e53-6d2945e60f85', NULL, 'kualifikasi', '1 M - 5 M', 4000000, '2026-02-24 02:45:15', '2026-02-24 02:45:15', NULL);
INSERT INTO `biaya_items` (`id`, `sbu_type_id`, `asosiasi_id`, `category`, `name`, `biaya`, `created_at`, `updated_at`, `kode`) VALUES ('019c8d89-5e2a-731e-b3c6-7c46121a9af3', '019c8d89-5c68-713f-9e53-6d2945e60f85', NULL, 'kualifikasi', '5 M - 10 M', 6500000, '2026-02-24 02:45:15', '2026-02-24 02:45:15', NULL);
INSERT INTO `biaya_items` (`id`, `sbu_type_id`, `asosiasi_id`, `category`, `name`, `biaya`, `created_at`, `updated_at`, `kode`) VALUES ('019c8d89-5e2d-71d9-b135-e31a559ecb9f', '019c8d89-5c68-713f-9e53-6d2945e60f85', NULL, 'kualifikasi', '10 M - 20 M', 8500000, '2026-02-24 02:45:15', '2026-02-24 02:45:15', NULL);
INSERT INTO `biaya_items` (`id`, `sbu_type_id`, `asosiasi_id`, `category`, `name`, `biaya`, `created_at`, `updated_at`, `kode`) VALUES ('019c8d89-5e30-7131-a9d6-ac95c7c5d7d2', '019c8d89-5c68-713f-9e53-6d2945e60f85', NULL, 'kualifikasi', '20 M - 50 M', 8500000, '2026-02-24 02:45:15', '2026-02-24 02:45:15', NULL);
INSERT INTO `biaya_items` (`id`, `sbu_type_id`, `asosiasi_id`, `category`, `name`, `biaya`, `created_at`, `updated_at`, `kode`) VALUES ('019c8d89-5e33-7321-8501-fabbdc0167bf', '019c8d89-5c68-713f-9e53-6d2945e60f85', NULL, 'kualifikasi', '100 M - 200 M', 8500000, '2026-02-24 02:45:15', '2026-02-24 02:45:15', NULL);
INSERT INTO `biaya_items` (`id`, `sbu_type_id`, `asosiasi_id`, `category`, `name`, `biaya`, `created_at`, `updated_at`, `kode`) VALUES ('019c8d89-5e36-729f-884c-b593fe202933', '019c8d89-5c68-713f-9e53-6d2945e60f85', NULL, 'kualifikasi', '200 M - 400 M', 8500000, '2026-02-24 02:45:15', '2026-02-24 02:45:15', NULL);
INSERT INTO `biaya_items` (`id`, `sbu_type_id`, `asosiasi_id`, `category`, `name`, `biaya`, `created_at`, `updated_at`, `kode`) VALUES ('019c8d89-5e39-7124-bf2d-37e9e2a14ea1', '019c8d89-5c68-713f-9e53-6d2945e60f85', NULL, 'kualifikasi', '400 M - 600 M', 8500000, '2026-02-24 02:45:15', '2026-02-24 02:45:15', NULL);
INSERT INTO `biaya_items` (`id`, `sbu_type_id`, `asosiasi_id`, `category`, `name`, `biaya`, `created_at`, `updated_at`, `kode`) VALUES ('019c8d89-5e3c-7283-a763-fa17d005f610', '019c8d89-5c68-713f-9e53-6d2945e60f85', NULL, 'biaya_setor', '1 M - 5 M', 6000000, '2026-02-24 02:45:15', '2026-02-24 02:45:15', NULL);
INSERT INTO `biaya_items` (`id`, `sbu_type_id`, `asosiasi_id`, `category`, `name`, `biaya`, `created_at`, `updated_at`, `kode`) VALUES ('019c8d89-5e40-716f-b400-2b0c981e6bee', '019c8d89-5c68-713f-9e53-6d2945e60f85', NULL, 'biaya_setor', '5 M - 10 M', 8500000, '2026-02-24 02:45:15', '2026-02-24 02:45:15', NULL);
INSERT INTO `biaya_items` (`id`, `sbu_type_id`, `asosiasi_id`, `category`, `name`, `biaya`, `created_at`, `updated_at`, `kode`) VALUES ('019c8d89-5e43-73be-9687-0ad43d804096', '019c8d89-5c68-713f-9e53-6d2945e60f85', NULL, 'biaya_setor', '10 M - 20 M', 11000000, '2026-02-24 02:45:15', '2026-02-24 02:45:15', NULL);
INSERT INTO `biaya_items` (`id`, `sbu_type_id`, `asosiasi_id`, `category`, `name`, `biaya`, `created_at`, `updated_at`, `kode`) VALUES ('019c8d89-5e46-71f3-b2fe-9ac1c18e57d0', '019c8d89-5c68-713f-9e53-6d2945e60f85', NULL, 'biaya_setor', '20 M - 50 M', 12000000, '2026-02-24 02:45:15', '2026-02-24 02:45:15', NULL);
INSERT INTO `biaya_items` (`id`, `sbu_type_id`, `asosiasi_id`, `category`, `name`, `biaya`, `created_at`, `updated_at`, `kode`) VALUES ('019c8d89-5e48-72c8-9a9b-30678bda03df', '019c8d89-5c68-713f-9e53-6d2945e60f85', NULL, 'biaya_setor', '100 M - 200 M', 13000000, '2026-02-24 02:45:15', '2026-02-24 02:45:15', NULL);
INSERT INTO `biaya_items` (`id`, `sbu_type_id`, `asosiasi_id`, `category`, `name`, `biaya`, `created_at`, `updated_at`, `kode`) VALUES ('019c8d89-5e4b-72d9-a77e-ec5a665f1919', '019c8d89-5c68-713f-9e53-6d2945e60f85', NULL, 'biaya_setor', '200 M - 400 M', 14500000, '2026-02-24 02:45:15', '2026-02-24 02:45:15', NULL);
INSERT INTO `biaya_items` (`id`, `sbu_type_id`, `asosiasi_id`, `category`, `name`, `biaya`, `created_at`, `updated_at`, `kode`) VALUES ('019c8d89-5e4e-72e8-852c-c28991eeab34', '019c8d89-5c68-713f-9e53-6d2945e60f85', NULL, 'biaya_setor', '400 M - 600 M', 15000000, '2026-02-24 02:45:15', '2026-02-24 02:45:15', NULL);
INSERT INTO `biaya_items` (`id`, `sbu_type_id`, `asosiasi_id`, `category`, `name`, `biaya`, `created_at`, `updated_at`, `kode`) VALUES ('019c8d89-5e51-70f2-aae8-74964d4e1442', '019c8d89-5c6b-7167-893d-2fc5b7229194', NULL, 'kualifikasi', '0 M - 10 M', 19500000, '2026-02-24 02:45:15', '2026-02-24 02:45:15', NULL);
INSERT INTO `biaya_items` (`id`, `sbu_type_id`, `asosiasi_id`, `category`, `name`, `biaya`, `created_at`, `updated_at`, `kode`) VALUES ('019c8d89-5e53-7252-a791-66994c3b98bf', '019c8d89-5c6b-7167-893d-2fc5b7229194', NULL, 'kualifikasi', '10 M - 20 M', 20000000, '2026-02-24 02:45:15', '2026-02-24 02:45:15', NULL);
INSERT INTO `biaya_items` (`id`, `sbu_type_id`, `asosiasi_id`, `category`, `name`, `biaya`, `created_at`, `updated_at`, `kode`) VALUES ('019c8d89-5e56-73b4-8bb5-be5bc6890159', '019c8d89-5c6b-7167-893d-2fc5b7229194', NULL, 'kualifikasi', '20 M - 30 M', 22500000, '2026-02-24 02:45:15', '2026-02-24 02:45:15', NULL);
INSERT INTO `biaya_items` (`id`, `sbu_type_id`, `asosiasi_id`, `category`, `name`, `biaya`, `created_at`, `updated_at`, `kode`) VALUES ('019c8d89-5e58-7304-8384-7d016cd84e6f', '019c8d89-5c6b-7167-893d-2fc5b7229194', NULL, 'kualifikasi', '30 M - 40 M', 25500000, '2026-02-24 02:45:15', '2026-02-24 02:45:15', NULL);
INSERT INTO `biaya_items` (`id`, `sbu_type_id`, `asosiasi_id`, `category`, `name`, `biaya`, `created_at`, `updated_at`, `kode`) VALUES ('019c8d89-5e5b-70e2-8fbb-067b1119e899', '019c8d89-5c6b-7167-893d-2fc5b7229194', NULL, 'kualifikasi', '40 M - 50 M', 29000000, '2026-02-24 02:45:15', '2026-02-24 02:45:15', NULL);
INSERT INTO `biaya_items` (`id`, `sbu_type_id`, `asosiasi_id`, `category`, `name`, `biaya`, `created_at`, `updated_at`, `kode`) VALUES ('019c8d89-5e5e-720c-b3bc-9abd1f58cc70', '019c8d89-5c6b-7167-893d-2fc5b7229194', NULL, 'kualifikasi', '50 M - 60 M', 44500000, '2026-02-24 02:45:15', '2026-02-24 02:45:15', NULL);
INSERT INTO `biaya_items` (`id`, `sbu_type_id`, `asosiasi_id`, `category`, `name`, `biaya`, `created_at`, `updated_at`, `kode`) VALUES ('019c8d89-5e61-71c4-a310-e2f15b627ede', '019c8d89-5c6b-7167-893d-2fc5b7229194', NULL, 'kualifikasi', '60 M - 65 M', 46000000, '2026-02-24 02:45:16', '2026-02-24 02:45:16', NULL);
INSERT INTO `biaya_items` (`id`, `sbu_type_id`, `asosiasi_id`, `category`, `name`, `biaya`, `created_at`, `updated_at`, `kode`) VALUES ('019c8d89-5e64-70ea-880b-723a13df1f51', '019c8d89-5c6b-7167-893d-2fc5b7229194', NULL, 'kualifikasi', '65 M - 70 M', 49000000, '2026-02-24 02:45:16', '2026-02-24 02:45:16', NULL);
INSERT INTO `biaya_items` (`id`, `sbu_type_id`, `asosiasi_id`, `category`, `name`, `biaya`, `created_at`, `updated_at`, `kode`) VALUES ('019c8d89-5e66-7235-baf5-adbab48e07fa', '019c8d89-5c6b-7167-893d-2fc5b7229194', NULL, 'kualifikasi', '70 M - 75 M', 51000000, '2026-02-24 02:45:16', '2026-02-24 02:45:16', NULL);
INSERT INTO `biaya_items` (`id`, `sbu_type_id`, `asosiasi_id`, `category`, `name`, `biaya`, `created_at`, `updated_at`, `kode`) VALUES ('019c8d89-5e69-7371-b82c-cbcf86557e2c', '019c8d89-5c6b-7167-893d-2fc5b7229194', NULL, 'kualifikasi', '75 M - 80 M', 53500000, '2026-02-24 02:45:16', '2026-02-24 02:45:16', NULL);

-- === biaya_items ===
INSERT INTO `biaya_items` (`id`, `sbu_type_id`, `asosiasi_id`, `category`, `name`, `biaya`, `created_at`, `updated_at`, `kode`) VALUES ('019c8d89-5e6c-7288-844f-d6db309a7328', '019c8d89-5c6b-7167-893d-2fc5b7229194', NULL, 'kualifikasi', '85 M - 90 M', 55500000, '2026-02-24 02:45:16', '2026-02-24 02:45:16', NULL);
INSERT INTO `biaya_items` (`id`, `sbu_type_id`, `asosiasi_id`, `category`, `name`, `biaya`, `created_at`, `updated_at`, `kode`) VALUES ('019c8d89-5e6f-73ba-9537-5adf5e7944e4', '019c8d89-5c6b-7167-893d-2fc5b7229194', NULL, 'biaya_setor', '0 M - 10 M', 20500000, '2026-02-24 02:45:16', '2026-02-24 02:45:16', NULL);
INSERT INTO `biaya_items` (`id`, `sbu_type_id`, `asosiasi_id`, `category`, `name`, `biaya`, `created_at`, `updated_at`, `kode`) VALUES ('019c8d89-5e71-715f-a777-569b3de70237', '019c8d89-5c6b-7167-893d-2fc5b7229194', NULL, 'biaya_setor', '10 M - 20 M', 21000000, '2026-02-24 02:45:16', '2026-02-24 02:45:16', NULL);
INSERT INTO `biaya_items` (`id`, `sbu_type_id`, `asosiasi_id`, `category`, `name`, `biaya`, `created_at`, `updated_at`, `kode`) VALUES ('019c8d89-5e74-722d-b0cd-5a48032ec063', '019c8d89-5c6b-7167-893d-2fc5b7229194', NULL, 'biaya_setor', '20 M - 30 M', 23500000, '2026-02-24 02:45:16', '2026-02-24 02:45:16', NULL);
INSERT INTO `biaya_items` (`id`, `sbu_type_id`, `asosiasi_id`, `category`, `name`, `biaya`, `created_at`, `updated_at`, `kode`) VALUES ('019c8d89-5e77-731d-9d70-784c0877f5ad', '019c8d89-5c6b-7167-893d-2fc5b7229194', NULL, 'biaya_setor', '30 M - 40 M', 26500000, '2026-02-24 02:45:16', '2026-02-24 02:45:16', NULL);
INSERT INTO `biaya_items` (`id`, `sbu_type_id`, `asosiasi_id`, `category`, `name`, `biaya`, `created_at`, `updated_at`, `kode`) VALUES ('019c8d89-5e7a-731a-aa31-9408f4a07606', '019c8d89-5c6b-7167-893d-2fc5b7229194', NULL, 'biaya_setor', '40 M - 50 M', 30000000, '2026-02-24 02:45:16', '2026-02-24 02:45:16', NULL);
INSERT INTO `biaya_items` (`id`, `sbu_type_id`, `asosiasi_id`, `category`, `name`, `biaya`, `created_at`, `updated_at`, `kode`) VALUES ('019c8d89-5e7c-73b8-b34c-46c2cd219932', '019c8d89-5c6b-7167-893d-2fc5b7229194', NULL, 'biaya_setor', '50 M - 60 M', 46500000, '2026-02-24 02:45:16', '2026-02-24 02:45:16', NULL);
INSERT INTO `biaya_items` (`id`, `sbu_type_id`, `asosiasi_id`, `category`, `name`, `biaya`, `created_at`, `updated_at`, `kode`) VALUES ('019c8d89-5e7f-71ba-b8b5-44cd6853f62b', '019c8d89-5c6b-7167-893d-2fc5b7229194', NULL, 'biaya_setor', '60 M - 65 M', 48000000, '2026-02-24 02:45:16', '2026-02-24 02:45:16', NULL);
INSERT INTO `biaya_items` (`id`, `sbu_type_id`, `asosiasi_id`, `category`, `name`, `biaya`, `created_at`, `updated_at`, `kode`) VALUES ('019c8d89-5e82-739f-b7d8-900579cde93e', '019c8d89-5c6b-7167-893d-2fc5b7229194', NULL, 'biaya_setor', '65 M - 70 M', 51000000, '2026-02-24 02:45:16', '2026-02-24 02:45:16', NULL);
INSERT INTO `biaya_items` (`id`, `sbu_type_id`, `asosiasi_id`, `category`, `name`, `biaya`, `created_at`, `updated_at`, `kode`) VALUES ('019c8d89-5e85-73a6-aff9-17e836637139', '019c8d89-5c6b-7167-893d-2fc5b7229194', NULL, 'biaya_setor', '70 M - 75 M', 53000000, '2026-02-24 02:45:16', '2026-02-24 02:45:16', NULL);
INSERT INTO `biaya_items` (`id`, `sbu_type_id`, `asosiasi_id`, `category`, `name`, `biaya`, `created_at`, `updated_at`, `kode`) VALUES ('019c8d89-5e88-7291-8026-f7430775108e', '019c8d89-5c6b-7167-893d-2fc5b7229194', NULL, 'biaya_setor', '75 M - 80 M', 55500000, '2026-02-24 02:45:16', '2026-02-24 02:45:16', NULL);
INSERT INTO `biaya_items` (`id`, `sbu_type_id`, `asosiasi_id`, `category`, `name`, `biaya`, `created_at`, `updated_at`, `kode`) VALUES ('019c8d89-5e8b-72ce-92ba-6fd45008e6f1', '019c8d89-5c6b-7167-893d-2fc5b7229194', NULL, 'biaya_setor', '85 M - 90 M', 57500000, '2026-02-24 02:45:16', '2026-02-24 02:45:16', NULL);
INSERT INTO `biaya_items` (`id`, `sbu_type_id`, `asosiasi_id`, `category`, `name`, `biaya`, `created_at`, `updated_at`, `kode`) VALUES ('019c8d89-5e8f-736a-8ef2-334d20e957c3', '019c8d89-5c6e-706e-a653-20e365c8ca7c', NULL, 'kualifikasi', '0 M - 10 M', 17500000, '2026-02-24 02:45:16', '2026-02-24 02:45:16', NULL);
INSERT INTO `biaya_items` (`id`, `sbu_type_id`, `asosiasi_id`, `category`, `name`, `biaya`, `created_at`, `updated_at`, `kode`) VALUES ('019c8d89-5e91-72cf-bd6b-21a7abd4348e', '019c8d89-5c6e-706e-a653-20e365c8ca7c', NULL, 'kualifikasi', '10 M - 20 M', 21000000, '2026-02-24 02:45:16', '2026-02-24 02:45:16', NULL);
INSERT INTO `biaya_items` (`id`, `sbu_type_id`, `asosiasi_id`, `category`, `name`, `biaya`, `created_at`, `updated_at`, `kode`) VALUES ('019c8d89-5e94-72eb-b9d9-74b24fc0e51d', '019c8d89-5c6e-706e-a653-20e365c8ca7c', NULL, 'kualifikasi', '20 M - 30 M', 22000000, '2026-02-24 02:45:16', '2026-02-24 02:45:16', NULL);
INSERT INTO `biaya_items` (`id`, `sbu_type_id`, `asosiasi_id`, `category`, `name`, `biaya`, `created_at`, `updated_at`, `kode`) VALUES ('019c8d89-5e97-7196-9d6b-e183dc075d20', '019c8d89-5c6e-706e-a653-20e365c8ca7c', NULL, 'kualifikasi', '30 M - 40 M', 25000000, '2026-02-24 02:45:16', '2026-02-24 02:45:16', NULL);
INSERT INTO `biaya_items` (`id`, `sbu_type_id`, `asosiasi_id`, `category`, `name`, `biaya`, `created_at`, `updated_at`, `kode`) VALUES ('019c8d89-5e9a-73a5-90a0-9c162c0ba45d', '019c8d89-5c6e-706e-a653-20e365c8ca7c', NULL, 'kualifikasi', '40 M - 50 M', 27500000, '2026-02-24 02:45:16', '2026-02-24 02:45:16', NULL);
INSERT INTO `biaya_items` (`id`, `sbu_type_id`, `asosiasi_id`, `category`, `name`, `biaya`, `created_at`, `updated_at`, `kode`) VALUES ('019c8d89-5e9d-72e9-a01f-6ce14b56df46', '019c8d89-5c6e-706e-a653-20e365c8ca7c', NULL, 'biaya_setor', '0 M - 10 M', 18500000, '2026-02-24 02:45:16', '2026-02-24 02:45:16', NULL);
INSERT INTO `biaya_items` (`id`, `sbu_type_id`, `asosiasi_id`, `category`, `name`, `biaya`, `created_at`, `updated_at`, `kode`) VALUES ('019c8d89-5ea0-72d3-8a4f-d5e092c17eab', '019c8d89-5c6e-706e-a653-20e365c8ca7c', NULL, 'biaya_setor', '10 M - 20 M', 22500000, '2026-02-24 02:45:16', '2026-02-24 02:45:16', NULL);
INSERT INTO `biaya_items` (`id`, `sbu_type_id`, `asosiasi_id`, `category`, `name`, `biaya`, `created_at`, `updated_at`, `kode`) VALUES ('019c8d89-5ea3-7039-9061-dd7149787b2e', '019c8d89-5c6e-706e-a653-20e365c8ca7c', NULL, 'biaya_setor', '20 M - 30 M', 24000000, '2026-02-24 02:45:16', '2026-02-24 02:45:16', NULL);
INSERT INTO `biaya_items` (`id`, `sbu_type_id`, `asosiasi_id`, `category`, `name`, `biaya`, `created_at`, `updated_at`, `kode`) VALUES ('019c8d89-5ea7-703c-820d-ad7043c4b391', '019c8d89-5c6e-706e-a653-20e365c8ca7c', NULL, 'biaya_setor', '30 M - 40 M', 27000000, '2026-02-24 02:45:16', '2026-02-24 02:45:16', NULL);
INSERT INTO `biaya_items` (`id`, `sbu_type_id`, `asosiasi_id`, `category`, `name`, `biaya`, `created_at`, `updated_at`, `kode`) VALUES ('019c8d89-5eaa-7224-b6d5-6264813ac7fb', '019c8d89-5c6e-706e-a653-20e365c8ca7c', NULL, 'biaya_setor', '40 M - 50 M', 30000000, '2026-02-24 02:45:16', '2026-02-24 02:45:16', NULL);
INSERT INTO `biaya_items` (`id`, `sbu_type_id`, `asosiasi_id`, `category`, `name`, `biaya`, `created_at`, `updated_at`, `kode`) VALUES ('019c8db8-1918-73bf-9828-f28273c8b8cd', '019c8d89-5c48-73a8-9f4c-1074a5add7f1', '019c8db8-1916-707c-89bf-fccafeb4b4c6', 'kualifikasi', 'Kecil (K) BUJKN', 315000, '2026-02-24 03:36:18', '2026-02-24 03:36:18', NULL);
INSERT INTO `biaya_items` (`id`, `sbu_type_id`, `asosiasi_id`, `category`, `name`, `biaya`, `created_at`, `updated_at`, `kode`) VALUES ('019c8db8-1918-73bf-9828-f28274bcc121', '019c8d89-5c48-73a8-9f4c-1074a5add7f1', '019c8db8-1916-707c-89bf-fccafeb4b4c6', 'kualifikasi', 'Menengah (M) BUJKN', 2257500, '2026-02-24 03:36:18', '2026-02-24 03:36:18', NULL);
INSERT INTO `biaya_items` (`id`, `sbu_type_id`, `asosiasi_id`, `category`, `name`, `biaya`, `created_at`, `updated_at`, `kode`) VALUES ('019c8db8-1919-714e-ab65-03195d38db0c', '019c8d89-5c48-73a8-9f4c-1074a5add7f1', '019c8db8-1916-707c-89bf-fccafeb4b4c6', 'kualifikasi', 'Besar (B1) BUJKN', 9450000, '2026-02-24 03:36:18', '2026-02-24 03:36:18', NULL);
INSERT INTO `biaya_items` (`id`, `sbu_type_id`, `asosiasi_id`, `category`, `name`, `biaya`, `created_at`, `updated_at`, `kode`) VALUES ('019c8db8-1919-714e-ab65-03195d7fe7e1', '019c8d89-5c48-73a8-9f4c-1074a5add7f1', '019c8db8-1916-707c-89bf-fccafeb4b4c6', 'kualifikasi', 'Besar (B2) BUJKN', 12600000, '2026-02-24 03:36:18', '2026-02-24 03:36:18', NULL);
INSERT INTO `biaya_items` (`id`, `sbu_type_id`, `asosiasi_id`, `category`, `name`, `biaya`, `created_at`, `updated_at`, `kode`) VALUES ('019c8db8-1919-714e-ab65-03195dd17872', '019c8d89-5c48-73a8-9f4c-1074a5add7f1', '019c8db8-1916-707c-89bf-fccafeb4b4c6', 'biaya_setor', 'Kecil (K) BUJKN', 750000, '2026-02-24 03:36:18', '2026-02-24 03:36:18', NULL);
INSERT INTO `biaya_items` (`id`, `sbu_type_id`, `asosiasi_id`, `category`, `name`, `biaya`, `created_at`, `updated_at`, `kode`) VALUES ('019c8db8-191a-7018-b1a0-fb35c1469f05', '019c8d89-5c48-73a8-9f4c-1074a5add7f1', '019c8db8-1916-707c-89bf-fccafeb4b4c6', 'biaya_setor', 'Menengah (M) BUJKN', 2650000, '2026-02-24 03:36:18', '2026-02-24 03:36:18', NULL);
INSERT INTO `biaya_items` (`id`, `sbu_type_id`, `asosiasi_id`, `category`, `name`, `biaya`, `created_at`, `updated_at`, `kode`) VALUES ('019c8db8-191a-7018-b1a0-fb35c156d6db', '019c8d89-5c48-73a8-9f4c-1074a5add7f1', '019c8db8-1916-707c-89bf-fccafeb4b4c6', 'biaya_setor', 'Besar (B1) BUJKN', 11000000, '2026-02-24 03:36:18', '2026-02-24 03:36:18', NULL);
INSERT INTO `biaya_items` (`id`, `sbu_type_id`, `asosiasi_id`, `category`, `name`, `biaya`, `created_at`, `updated_at`, `kode`) VALUES ('019c8db8-191a-7018-b1a0-fb35c1e50c96', '019c8d89-5c48-73a8-9f4c-1074a5add7f1', '019c8db8-1916-707c-89bf-fccafeb4b4c6', 'biaya_setor', 'Besar (B2) BUJKN', 14000000, '2026-02-24 03:36:18', '2026-02-24 03:36:18', NULL);
INSERT INTO `biaya_items` (`id`, `sbu_type_id`, `asosiasi_id`, `category`, `name`, `biaya`, `created_at`, `updated_at`, `kode`) VALUES ('019c8db8-191a-7018-b1a0-fb35c284d928', '019c8d89-5c48-73a8-9f4c-1074a5add7f1', '019c8db8-1916-707c-89bf-fccafeb4b4c6', 'biaya_lainnya', 'Materai', 10000, '2026-02-24 03:36:18', '2026-02-24 03:36:18', NULL);
INSERT INTO `biaya_items` (`id`, `sbu_type_id`, `asosiasi_id`, `category`, `name`, `biaya`, `created_at`, `updated_at`, `kode`) VALUES ('019c8db8-191b-70a0-9f6c-8e5146a55d14', '019c8d89-5c48-73a8-9f4c-1074a5add7f1', '019c8db8-1916-707c-89bf-fccafeb4b4c6', 'biaya_lainnya', 'Biaya Admin P3SM', 50000, '2026-02-24 03:36:18', '2026-02-24 03:36:18', NULL);
INSERT INTO `biaya_items` (`id`, `sbu_type_id`, `asosiasi_id`, `category`, `name`, `biaya`, `created_at`, `updated_at`, `kode`) VALUES ('019c8db8-191b-70a0-9f6c-8e514799827b', '019c8d89-5c48-73a8-9f4c-1074a5add7f1', '019c8db8-1917-71fa-ab50-c02c17862a7e', 'kualifikasi', 'Kualifikasi GAPEKNAS 1', 500000, '2026-02-24 03:36:18', '2026-02-24 03:36:18', NULL);
INSERT INTO `biaya_items` (`id`, `sbu_type_id`, `asosiasi_id`, `category`, `name`, `biaya`, `created_at`, `updated_at`, `kode`) VALUES ('019c8db8-191b-70a0-9f6c-8e514898fd0d', '019c8d89-5c48-73a8-9f4c-1074a5add7f1', '019c8db8-1917-71fa-ab50-c02c17862a7e', 'kualifikasi', 'Kualifikasi GAPEKNAS 2', 3000000, '2026-02-24 03:36:18', '2026-02-24 03:36:18', NULL);
INSERT INTO `biaya_items` (`id`, `sbu_type_id`, `asosiasi_id`, `category`, `name`, `biaya`, `created_at`, `updated_at`, `kode`) VALUES ('019c8db8-191b-70a0-9f6c-8e5149828710', '019c8d89-5c48-73a8-9f4c-1074a5add7f1', '019c8db8-1917-71fa-ab50-c02c17862a7e', 'biaya_setor', 'Kualifikasi GAPEKNAS 1', 1000000, '2026-02-24 03:36:18', '2026-02-24 03:36:18', NULL);
INSERT INTO `biaya_items` (`id`, `sbu_type_id`, `asosiasi_id`, `category`, `name`, `biaya`, `created_at`, `updated_at`, `kode`) VALUES ('019c8db8-191c-704b-bfbe-26c3ec8d2386', '019c8d89-5c48-73a8-9f4c-1074a5add7f1', '019c8db8-1917-71fa-ab50-c02c17862a7e', 'biaya_setor', 'Kualifikasi GAPEKNAS 2', 4000000, '2026-02-24 03:36:18', '2026-02-24 03:36:18', NULL);
INSERT INTO `biaya_items` (`id`, `sbu_type_id`, `asosiasi_id`, `category`, `name`, `biaya`, `created_at`, `updated_at`, `kode`) VALUES ('019c8db8-191c-704b-bfbe-26c3ecac2600', '019c8d89-5c48-73a8-9f4c-1074a5add7f1', '019c8db8-1917-71fa-ab50-c02c17862a7e', 'biaya_lainnya', 'Biaya Admin GAPEKNAS', 75000, '2026-02-24 03:36:18', '2026-02-24 03:36:18', NULL);
INSERT INTO `biaya_items` (`id`, `sbu_type_id`, `asosiasi_id`, `category`, `name`, `biaya`, `created_at`, `updated_at`, `kode`) VALUES ('019c8dbc-2932-727a-b097-6593af491d58', '019c8d89-5c4d-7392-afaf-cca4a106bfc4', NULL, 'kualifikasi', 'Jenjang SKK 2', 3500000, '2026-02-24 03:40:44', '2026-02-24 03:40:44', NULL);
INSERT INTO `biaya_items` (`id`, `sbu_type_id`, `asosiasi_id`, `category`, `name`, `biaya`, `created_at`, `updated_at`, `kode`) VALUES ('019c8dbc-2933-7316-96bc-03777807dbf1', '019c8d89-5c4d-7392-afaf-cca4a106bfc4', NULL, 'kualifikasi', 'Jenjang SKK 1', 600000, '2026-02-24 03:40:44', '2026-02-24 03:40:44', NULL);
INSERT INTO `biaya_items` (`id`, `sbu_type_id`, `asosiasi_id`, `category`, `name`, `biaya`, `created_at`, `updated_at`, `kode`) VALUES ('019c8dbc-2933-7316-96bc-0377787b8abe', '019c8d89-5c4d-7392-afaf-cca4a106bfc4', NULL, 'biaya_setor', 'Jenjang SKK 2', 4000000, '2026-02-24 03:40:44', '2026-02-24 03:40:44', NULL);
INSERT INTO `biaya_items` (`id`, `sbu_type_id`, `asosiasi_id`, `category`, `name`, `biaya`, `created_at`, `updated_at`, `kode`) VALUES ('019c8dbc-2933-7316-96bc-037778f36a64', '019c8d89-5c4d-7392-afaf-cca4a106bfc4', NULL, 'biaya_setor', 'Jenjang SKK 1', 1400000, '2026-02-24 03:40:44', '2026-02-24 03:40:44', NULL);
INSERT INTO `biaya_items` (`id`, `sbu_type_id`, `asosiasi_id`, `category`, `name`, `biaya`, `created_at`, `updated_at`, `kode`) VALUES ('019c8dbc-2933-7316-96bc-0377793ebc23', '019c8d89-5c4d-7392-afaf-cca4a106bfc4', NULL, 'biaya_lainnya', 'Biaya Admin SKK', 80000, '2026-02-24 03:40:44', '2026-02-24 03:40:44', NULL);
INSERT INTO `biaya_items` (`id`, `sbu_type_id`, `asosiasi_id`, `category`, `name`, `biaya`, `created_at`, `updated_at`, `kode`) VALUES ('019c8dc0-d3a5-7100-889a-1fe56dd33ff8', '019c8d89-5c4a-709f-bcf6-09a004f15bf9', NULL, 'kualifikasi', 'Kualifikasi Konsultan Kecil', 400000, '2026-02-24 03:45:50', '2026-02-24 03:45:50', NULL);
INSERT INTO `biaya_items` (`id`, `sbu_type_id`, `asosiasi_id`, `category`, `name`, `biaya`, `created_at`, `updated_at`, `kode`) VALUES ('019c8dc0-d3a6-7386-8b75-072190da8094', '019c8d89-5c4a-709f-bcf6-09a004f15bf9', NULL, 'kualifikasi', 'Kualifikasi Konsultan Menengah', 2500000, '2026-02-24 03:45:50', '2026-02-24 03:45:50', NULL);
INSERT INTO `biaya_items` (`id`, `sbu_type_id`, `asosiasi_id`, `category`, `name`, `biaya`, `created_at`, `updated_at`, `kode`) VALUES ('019c8dc0-d3a6-7386-8b75-072191cbed75', '019c8d89-5c4a-709f-bcf6-09a004f15bf9', NULL, 'biaya_setor', 'Kualifikasi Konsultan Kecil', 800000, '2026-02-24 03:45:50', '2026-02-24 03:45:50', NULL);
INSERT INTO `biaya_items` (`id`, `sbu_type_id`, `asosiasi_id`, `category`, `name`, `biaya`, `created_at`, `updated_at`, `kode`) VALUES ('019c8dc0-d3a6-7386-8b75-072192714ff7', '019c8d89-5c4a-709f-bcf6-09a004f15bf9', NULL, 'biaya_setor', 'Kualifikasi Konsultan Menengah', 3000000, '2026-02-24 03:45:50', '2026-02-24 03:45:50', NULL);
INSERT INTO `biaya_items` (`id`, `sbu_type_id`, `asosiasi_id`, `category`, `name`, `biaya`, `created_at`, `updated_at`, `kode`) VALUES ('019c8dc0-d3a6-7386-8b75-0721935e78d9', '019c8d89-5c4a-709f-bcf6-09a004f15bf9', NULL, 'biaya_lainnya', 'Biaya Admin Konsultan', 60000, '2026-02-24 03:45:50', '2026-02-24 03:45:50', NULL);
INSERT INTO `biaya_items` (`id`, `sbu_type_id`, `asosiasi_id`, `category`, `name`, `biaya`, `created_at`, `updated_at`, `kode`) VALUES ('019c8dc1-6f06-70af-917c-c57aaa5d496a', '019c8d89-5c50-7106-9f03-8c70489e5ebc', NULL, 'biaya_setor', 37001, 1000000, '2026-02-24 03:46:30', '2026-02-24 03:46:30', NULL);
INSERT INTO `biaya_items` (`id`, `sbu_type_id`, `asosiasi_id`, `category`, `name`, `biaya`, `created_at`, `updated_at`, `kode`) VALUES ('019c8dc1-fed9-721b-a5af-f5d5bf362a10', '019c8d89-5c52-7120-9479-fda465211ab4', NULL, 'biaya_setor', 'Akun SIMPK dan Alat', 500000, '2026-02-24 03:47:07', '2026-02-24 03:47:07', NULL);
INSERT INTO `biaya_items` (`id`, `sbu_type_id`, `asosiasi_id`, `category`, `name`, `biaya`, `created_at`, `updated_at`, `kode`) VALUES ('019c8dca-3167-727d-b15f-9da2f26c7bb1', '019c8dc7-0ecb-72da-96a1-14891247d74d', NULL, 'kualifikasi', 'Pembuatan Akun OSS', 250000, '2026-02-24 03:56:04', '2026-02-24 03:56:04', NULL);

-- === biaya_items ===
INSERT INTO `biaya_items` (`id`, `sbu_type_id`, `asosiasi_id`, `category`, `name`, `biaya`, `created_at`, `updated_at`, `kode`) VALUES ('019c8dca-3169-7061-b1e6-b61f292086dd', '019c8dc7-0ecb-72da-96a1-14891247d74d', NULL, 'kualifikasi', 'Pembuatan NIB', 400000, '2026-02-24 03:56:04', '2026-02-24 03:56:04', 'Free 5 KBLI');
INSERT INTO `biaya_items` (`id`, `sbu_type_id`, `asosiasi_id`, `category`, `name`, `biaya`, `created_at`, `updated_at`, `kode`) VALUES ('019c8dca-3169-7061-b1e6-b61f2982e107', '019c8dc7-0ecb-72da-96a1-14891247d74d', NULL, 'kualifikasi', 'Sertifikat Standar Terverivikasi', 400000, '2026-02-24 03:56:04', '2026-02-24 03:56:04', NULL);
INSERT INTO `biaya_items` (`id`, `sbu_type_id`, `asosiasi_id`, `category`, `name`, `biaya`, `created_at`, `updated_at`, `kode`) VALUES ('019c8dca-316a-738f-807f-4fbfefff6e15', '019c8dc7-0ecb-72da-96a1-14891247d74d', NULL, 'biaya_setor', 'Pembuatan Akun OSS', 350000, '2026-02-24 03:56:04', '2026-02-24 03:56:04', NULL);
INSERT INTO `biaya_items` (`id`, `sbu_type_id`, `asosiasi_id`, `category`, `name`, `biaya`, `created_at`, `updated_at`, `kode`) VALUES ('019c8dca-316a-738f-807f-4fbff0098e02', '019c8dc7-0ecb-72da-96a1-14891247d74d', NULL, 'biaya_setor', 'Pembuatan NIB', 500000, '2026-02-24 03:56:04', '2026-02-24 03:56:04', 'Free 5 KBLI');
INSERT INTO `biaya_items` (`id`, `sbu_type_id`, `asosiasi_id`, `category`, `name`, `biaya`, `created_at`, `updated_at`, `kode`) VALUES ('019c8dca-316a-738f-807f-4fbff0fc88fd', '019c8dc7-0ecb-72da-96a1-14891247d74d', NULL, 'biaya_setor', 'Sertifikat Standar Terverivikasi', 500000, '2026-02-24 03:56:04', '2026-02-24 03:56:04', NULL);
INSERT INTO `biaya_items` (`id`, `sbu_type_id`, `asosiasi_id`, `category`, `name`, `biaya`, `created_at`, `updated_at`, `kode`) VALUES ('019c8dcb-c0de-7392-a66e-944ba5faef64', '019c8dca-b782-73a1-bb01-cf72b37144e1', NULL, 'kualifikasi', 'Menengah', 3000000, '2026-02-24 03:57:46', '2026-02-24 03:57:46', NULL);
INSERT INTO `biaya_items` (`id`, `sbu_type_id`, `asosiasi_id`, `category`, `name`, `biaya`, `created_at`, `updated_at`, `kode`) VALUES ('019c8dcb-c0df-7045-a3fc-9139a52b3565', '019c8dca-b782-73a1-bb01-cf72b37144e1', NULL, 'kualifikasi', 'Besar', 6000000, '2026-02-24 03:57:46', '2026-02-24 03:57:46', NULL);
INSERT INTO `biaya_items` (`id`, `sbu_type_id`, `asosiasi_id`, `category`, `name`, `biaya`, `created_at`, `updated_at`, `kode`) VALUES ('019c8dcb-c0df-7045-a3fc-9139a5f2d3de', '019c8dca-b782-73a1-bb01-cf72b37144e1', NULL, 'biaya_setor', 'Menengah', 3500000, '2026-02-24 03:57:46', '2026-02-24 03:57:46', NULL);
INSERT INTO `biaya_items` (`id`, `sbu_type_id`, `asosiasi_id`, `category`, `name`, `biaya`, `created_at`, `updated_at`, `kode`) VALUES ('019c8dcb-c0e0-7031-b287-a593babe756b', '019c8dca-b782-73a1-bb01-cf72b37144e1', NULL, 'biaya_setor', 'Besar', 6000000, '2026-02-24 03:57:46', '2026-02-24 03:57:46', NULL);

-- === submissions ===
INSERT INTO `submissions` (`id`, `company_name`, `marketing_name`, `input_date`, `submitted_by_id`, `certificate_type`, `sbu_type`, `selected_sub`, `selected_klasifikasi`, `selected_sub_klasifikasi`, `selected_kualifikasi`, `selected_biaya_lainnya`, `biaya_setor_kantor`, `keuntungan`, `created_at`, `updated_at`) VALUES ('019c8d89-5eae-7341-a115-b89f4762ac0c', 'PT. Maju Bersama', 'Hidayatullah', '2025-08-01', '019c8d89-58dc-71b8-8ae8-20abec952947', 'SBU Konstruksi', 'konstruksi', '{"id":"019c8d89-5c72-72b4-af14-d9e9dc70f419","name":"P3SM"}', '{"id":"bg","name":"BG \\u2013 Bangunan Gedung","subKlasifikasi":["BG001 \\u2013 Konstruksi Gedung Hunian","BG002 \\u2013 Konstruksi Gedung Perkantoran","BG003 \\u2013 Konstruksi Gedung Industri dan Gudang","BG004 \\u2013 Konstruksi Gedung Perbelanjaan","BG005 \\u2013 Konstruksi Gedung Kesehatan","BG006 \\u2013 Konstruksi Gedung Pendidikan","BG007 \\u2013 Konstruksi Gedung Penginapan","BG008 \\u2013 Konstruksi Gedung Lainnya","BG009 \\u2013 Konstruksi Gedung Tempat Hiburan, Kesenian, dan Olahraga"]}', 'BG001 – Konstruksi Gedung Hunian', '{"id":"p3sm-k","name":"Kecil (K) BUJKN","biaya":315000}', NULL, 750000, 435000, '2026-02-24 02:45:16', '2026-02-24 02:45:16');
INSERT INTO `submissions` (`id`, `company_name`, `marketing_name`, `input_date`, `submitted_by_id`, `certificate_type`, `sbu_type`, `selected_sub`, `selected_klasifikasi`, `selected_sub_klasifikasi`, `selected_kualifikasi`, `selected_biaya_lainnya`, `biaya_setor_kantor`, `keuntungan`, `created_at`, `updated_at`) VALUES ('019c8d89-5eb1-734c-963c-21fd79a6ab54', 'CV. Jaya Abadi', 'Nuzul Arifin', '2025-08-03', '019c8d89-58dc-71b8-8ae8-20abec952947', 'SBU Konstruksi', 'konstruksi', '{"id":"019c8d89-5c74-710e-8f78-c050a1d24d8b","name":"GAPEKNAS"}', '{"id":"bs","name":"BS \\u2013 Bangunan Sipil","subKlasifikasi":["BS001 \\u2013 Konstruksi Jalan dan Jembatan","BS002 \\u2013 Konstruksi Jalan Rel","BS003 \\u2013 Konstruksi Irigasi, Saluran Air, dan Drainase","BS004 \\u2013 Konstruksi Jaringan Transmisi dan Distribusi","BS005 \\u2013 Konstruksi Bangunan Elektrikal","BS006 \\u2013 Konstruksi Bangunan Sipil Lainnya","BS007 \\u2013 Konstruksi Terowongan","BS008 \\u2013 Konstruksi Pelabuhan dan Bandara"]}', 'BS001 – Konstruksi Jalan dan Jembatan', '{"id":"gpk-m","name":"Menengah (M)","biaya":2500000}', NULL, 3000000, 500000, '2026-02-24 02:45:16', '2026-02-24 02:45:16');
INSERT INTO `submissions` (`id`, `company_name`, `marketing_name`, `input_date`, `submitted_by_id`, `certificate_type`, `sbu_type`, `selected_sub`, `selected_klasifikasi`, `selected_sub_klasifikasi`, `selected_kualifikasi`, `selected_biaya_lainnya`, `biaya_setor_kantor`, `keuntungan`, `created_at`, `updated_at`) VALUES ('019c8d89-5eb5-73f7-a4fc-c1edae882a66', 'PT. Konstraktor Handal', 'Abdul Fatahurahman', '2025-08-05', '019c8d89-59a9-73ba-a23c-2c4c180253a2', 'SBU Konstruksi', 'konstruksi', '{"id":"019c8d89-5c72-72b4-af14-d9e9dc70f419","name":"P3SM"}', '{"id":"in","name":"IN \\u2013 Instalasi","subKlasifikasi":["IN001 \\u2013 Instalasi Sistem Mekanikal dan Elektrikal Bangunan Gedung","IN002 \\u2013 Instalasi Sistem Tata Udara \\/ HVAC","IN003 \\u2013 Instalasi Sistem Pemadam Kebakaran","IN004 \\u2013 Instalasi Lift dan Eskalator","IN005 \\u2013 Instalasi Sistem Kelistrikan Gedung","IN006 \\u2013 Instalasi Sistem Plumbing dan Sanitasi","IN007 \\u2013 Instalasi Jaringan Telekomunikasi Dalam Gedung"]}', 'IN001 – Instalasi Sistem Mekanikal dan Elektrikal Bangunan Gedung', '{"id":"p3sm-m","name":"Menengah (M) BUJKN","biaya":2257500}', '{"id":"materai","name":"Materai","biaya":10000}', 2650000, 382500, '2026-02-24 02:45:16', '2026-02-24 02:45:16');
INSERT INTO `submissions` (`id`, `company_name`, `marketing_name`, `input_date`, `submitted_by_id`, `certificate_type`, `sbu_type`, `selected_sub`, `selected_klasifikasi`, `selected_sub_klasifikasi`, `selected_kualifikasi`, `selected_biaya_lainnya`, `biaya_setor_kantor`, `keuntungan`, `created_at`, `updated_at`) VALUES ('019c8d89-5eb8-7104-a3e5-d163dd747863', 'PT. Konsultan Prima', 'Hidayatullah', '2025-08-07', '019c8d89-58dc-71b8-8ae8-20abec952947', 'SBU Konsultan', 'konsultan', NULL, '{"id":"re","name":"RE \\u2013 Rekayasa","subKlasifikasi":["RE001 \\u2013 Aktivitas Rekayasa dan Rancang Bangun","RE002 \\u2013 Kegiatan Teknik Bangunan Gedung","RE003 \\u2013 Kegiatan Teknik Sipil","RE004 \\u2013 Kegiatan Teknik Mekanikal","RE005 \\u2013 Kegiatan Rekayasa Mekanikal Industri","RE006 \\u2013 Aktivitas Keinsinyuran dan Konsultasi Teknis"]}', 'RE001 – Aktivitas Rekayasa dan Rancang Bangun', '{"id":"kon-k","name":"Kualifikasi Kecil (K)","biaya":450000}', NULL, 1000000, 550000, '2026-02-24 02:45:16', '2026-02-24 02:45:16');
INSERT INTO `submissions` (`id`, `company_name`, `marketing_name`, `input_date`, `submitted_by_id`, `certificate_type`, `sbu_type`, `selected_sub`, `selected_klasifikasi`, `selected_sub_klasifikasi`, `selected_kualifikasi`, `selected_biaya_lainnya`, `biaya_setor_kantor`, `keuntungan`, `created_at`, `updated_at`) VALUES ('019c8d89-5ebb-73db-8768-8e3c7af3aef9', 'Ir. Budi Santoso', 'Nuzul Arifin', '2025-08-09', '019c8d89-5a77-736d-8e7d-d1dad7a8b8f8', 'SKK Konstruksi', 'skk', '{"id":"019c8d89-5c77-716a-9a35-49719d2e4d19","name":"LPJK"}', '{"id":"j8","name":"Ahli Madya (Jenjang 8)","subKlasifikasi":[]}', NULL, '{"id":"skk-j8","name":"Jenjang 8 (Ahli Madya)","biaya":1365000}', '{"id":"lpjk-admin","name":"Biaya Admin LPJK","biaya":100000}', 3500000, 2035000, '2026-02-24 02:45:16', '2026-02-24 02:45:16');
INSERT INTO `submissions` (`id`, `company_name`, `marketing_name`, `input_date`, `submitted_by_id`, `certificate_type`, `sbu_type`, `selected_sub`, `selected_klasifikasi`, `selected_sub_klasifikasi`, `selected_kualifikasi`, `selected_biaya_lainnya`, `biaya_setor_kantor`, `keuntungan`, `created_at`, `updated_at`) VALUES ('019c8d89-5ebe-7084-be49-d9c8bcd228d7', 'CV. Aman Sejahtera', 'Abdul Fatahurahman', '2025-08-11', '019c8d89-58dc-71b8-8ae8-20abec952947', 'Dokumen SMAP', 'smap', NULL, NULL, NULL, NULL, NULL, 5000000, 2000000, '2026-02-24 02:45:16', '2026-02-24 02:45:16');
INSERT INTO `submissions` (`id`, `company_name`, `marketing_name`, `input_date`, `submitted_by_id`, `certificate_type`, `sbu_type`, `selected_sub`, `selected_klasifikasi`, `selected_sub_klasifikasi`, `selected_kualifikasi`, `selected_biaya_lainnya`, `biaya_setor_kantor`, `keuntungan`, `created_at`, `updated_at`) VALUES ('019c8d89-5ec1-7197-a40a-72542201666c', 'PT. Notaris Terpercaya', 'Hidayatullah', '2025-08-13', '019c8d89-58dc-71b8-8ae8-20abec952947', 'Notaris', 'notaris', NULL, NULL, NULL, '{"id":"not-paket","name":"Paket Lengkap Pendirian","biaya":3000000}', '{"id":"not-materai","name":"Materai","biaya":10000}', 5000000, 1990000, '2026-02-24 02:45:16', '2026-02-24 02:45:16');
INSERT INTO `submissions` (`id`, `company_name`, `marketing_name`, `input_date`, `submitted_by_id`, `certificate_type`, `sbu_type`, `selected_sub`, `selected_klasifikasi`, `selected_sub_klasifikasi`, `selected_kualifikasi`, `selected_biaya_lainnya`, `biaya_setor_kantor`, `keuntungan`, `created_at`, `updated_at`) VALUES ('019c8d98-c7b1-7288-9e4f-69fe057bd613', 'PT. Test Persist', 'Hidayatullah', '2026-02-24', '019c8d89-58dc-71b8-8ae8-20abec952947', 'Notaris', 'notaris', NULL, NULL, NULL, '{"id":"019c8d89-5d2a-719a-b85b-ddf8e11d9690","name":"Pendirian PT (Modal Dasar Max 1M)","kode":"PAKET DASAR","biaya":3200000}', NULL, 3800000, 600000, '2026-02-24 03:02:06', '2026-02-24 03:02:06');

-- === transactions ===
INSERT INTO `transactions` (`id`, `transaction_date`, `transaction_name`, `cost`, `transaction_type`, `submitted_by_id`, `proof`, `created_at`, `updated_at`) VALUES ('019c8d89-5ec4-7344-99e6-4d0f85cdf10f', '2025-08-05', 'Kas Operasional', 25000, 'Keluar', '019c8d89-58dc-71b8-8ae8-20abec952947', NULL, '2026-02-24 02:45:16', '2026-02-24 02:45:16');
INSERT INTO `transactions` (`id`, `transaction_date`, `transaction_name`, `cost`, `transaction_type`, `submitted_by_id`, `proof`, `created_at`, `updated_at`) VALUES ('019c8d89-5ec7-73d7-bae4-5b1c4cb3892a', '2025-08-01', 'Tabungan Ruko', 5000000, 'Tabungan', '019c8d89-58dc-71b8-8ae8-20abec952947', NULL, '2026-02-24 02:45:16', '2026-02-24 02:45:16');
INSERT INTO `transactions` (`id`, `transaction_date`, `transaction_name`, `cost`, `transaction_type`, `submitted_by_id`, `proof`, `created_at`, `updated_at`) VALUES ('019c8d89-5eca-72a2-ad5c-437587a40055', '2025-08-02', 'Beli ATK', 150000, 'Keluar', '019c8d89-58dc-71b8-8ae8-20abec952947', NULL, '2026-02-24 02:45:16', '2026-02-24 02:45:16');
INSERT INTO `transactions` (`id`, `transaction_date`, `transaction_name`, `cost`, `transaction_type`, `submitted_by_id`, `proof`, `created_at`, `updated_at`) VALUES ('019c8d89-5ecd-718c-b575-9103df1e1c8b', '2025-08-10', 'Tabungan Bulanan', 2000000, 'Tabungan', '019c8d89-58dc-71b8-8ae8-20abec952947', NULL, '2026-02-24 02:45:16', '2026-02-24 02:45:16');
INSERT INTO `transactions` (`id`, `transaction_date`, `transaction_name`, `cost`, `transaction_type`, `submitted_by_id`, `proof`, `created_at`, `updated_at`) VALUES ('019c8d89-5ed0-73c0-9e8a-8b1196cd0a1a', '2025-08-15', 'Bayar Listrik', 350000, 'Keluar', '019c8d89-58dc-71b8-8ae8-20abec952947', NULL, '2026-02-24 02:45:16', '2026-02-24 02:45:16');
INSERT INTO `transactions` (`id`, `transaction_date`, `transaction_name`, `cost`, `transaction_type`, `submitted_by_id`, `proof`, `created_at`, `updated_at`) VALUES ('019c8d89-5ed2-72d3-bda6-f6216754b7e6', '2025-08-20', 'Kas Harian', 50000, 'Kas', '019c8d89-58dc-71b8-8ae8-20abec952947', NULL, '2026-02-24 02:45:16', '2026-02-24 02:45:16');

SET FOREIGN_KEY_CHECKS = 1;
-- Done.
